Id,Prediction,Subjects,,19,,Cases,,
1,2,19,,19,,30.671875,,9.194090678
2,2,19,,19,,,,
3,2,19,,19,,30 cases per subject,,
4,2,19,,19,,,,
5,2,19,,19,,,,
6,2,19,,19,,,,
7,2,19,,19,,,,
8,2,19,,19,,,,
9,2,19,,19,,,,
10,2,19,,19,,,,
11,2,19,,19,,,,
12,2,19,,19,,,,
13,2,19,,19,,,,
14,2,19,,19,,,,
15,2,19,,19,,,,
16,2,19,,19,,,,
17,2,19,,19,,,,
18,1,19,,19,,,,
19,2,19,,19,,,,
20,2,19,,19,,,,
21,2,19,,19,,,,
22,5,19,,19,,,,
23,5,19,,19,,,,
24,5,19,,19,,,,
25,5,19,,19,,,,
26,4,19,,19,,,,
27,4,19,,19,,,,
28,4,19,,19,,,,
29,4,19,,19,,,,
30,4,19,,19,,,,
31,4,19,,19,,,,
32,4,19,,19,,,,
33,4,19,,19,,,,
34,4,19,,19,,,,
35,4,19,,19,,,,
36,4,19,,19,,,,
37,4,19,,19,,,,
38,4,19,,19,,,,
39,5,19,,19,,,,
40,5,19,,19,,,,
41,4,19,,19,,,,
42,5,19,,19,,,,
43,5,19,,19,,,,
44,5,19,,19,,,,
45,5,19,,19,,,,
46,5,19,,19,,,,
47,5,19,,19,,,,
48,5,19,,19,,,,
49,5,19,,19,,,,
50,5,19,,19,,,,
51,4,19,,19,,,,
52,4,19,,19,,,,
53,5,19,,19,,,,
54,4,19,,19,,,,
55,4,19,,19,,,,
56,4,19,,19,,,,
57,4,19,,19,,,,
58,4,19,,19,,,,
59,4,19,,19,,,,
60,4,19,,19,,,,
61,4,19,,19,,,,
62,4,19,,19,,,,
63,4,19,,19,,,,
64,4,19,,19,,,,
65,4,19,,19,,,,
66,4,19,,19,,,,
67,4,19,,19,,,,
68,4,19,,19,,,,
69,4,19,,19,,,,
70,4,19,,19,,,,
71,4,19,,19,,,,
72,4,19,,19,,,,
73,4,19,,19,,,,
74,4,19,,19,,,,
75,4,19,,19,,,,
76,4,19,,19,,,,
77,4,19,,19,,,,
78,1,19,,19,,,,
79,1,19,,19,,,,
80,1,19,,19,,,,
81,1,19,,19,,,,
82,1,19,,19,,,,
83,1,19,,19,,,,
84,1,19,,19,,,,
85,1,19,,19,,,,
86,1,19,,19,,,,
87,1,19,,19,,,,
88,1,19,,19,,,,
89,1,19,,19,,,,
90,1,19,,19,,,,
91,1,19,,19,,,,
92,1,19,,19,,,,
93,1,19,,19,,,,
94,1,19,,19,,,,
95,1,19,,19,,,,
96,1,19,,19,,,,
97,1,19,,19,,,,
98,1,19,,19,,,,
99,1,19,,19,,,,
100,1,19,,19,,,,
101,2,19,,19,,,,
102,3,19,,19,,,,
103,3,19,,19,,,,
104,3,19,,19,,,,
105,3,19,,19,,,,
106,3,19,,19,,,,
107,3,19,,19,,,,
108,3,19,,19,,,,
109,3,19,,19,,,,
110,3,19,,19,,,,
111,3,19,,19,,,,
112,3,19,,19,,,,
113,3,19,,19,,,,
114,3,19,,19,,,,
115,3,19,,19,,,,
116,3,19,,19,,,,
117,3,19,,19,,,,
118,3,19,,19,,,,
119,3,19,,19,,,,
120,1,19,,19,,,,
121,3,19,,19,,,,
122,5,19,,19,,,,
123,5,19,,19,,,,
124,5,19,,19,,,,
125,5,19,,19,,,,
126,5,19,,19,,,,
127,5,19,,19,,,,
128,5,19,,19,,,,
129,5,19,,19,,,,
130,5,19,,19,,,,
131,5,19,,19,,,,
132,5,19,,19,,,,
133,5,19,,19,,,,
134,5,19,,19,,,,
135,5,19,,19,,,,
136,5,19,,19,,,,
137,5,19,,19,,,,
138,5,19,,19,,,,
139,5,19,,19,,,,
140,5,19,,19,,,,
141,5,19,,19,,,,
142,5,19,,19,,,,
143,5,19,,19,,,,
144,4,19,,19,,,,
145,4,19,,19,,,,
146,4,19,,19,,,,
147,4,19,,19,,,,
148,4,19,,19,,,,
149,4,19,,19,,,,
150,4,19,,19,,,,
151,4,19,,19,,,,
152,4,19,,19,,,,
153,4,19,,19,,,,
154,4,19,,19,,,,
155,4,19,,19,,,,
156,4,19,,19,,,,
157,4,19,,19,,,,
158,4,19,,19,,,,
159,4,19,,19,,,,
160,4,19,,19,,,,
161,4,19,,19,,,,
162,4,19,,19,,,,
163,4,19,,19,,,,
164,4,19,,19,,,,
165,4,19,,19,,,,
166,6,19,,19,,,,
167,6,19,,19,,,,
168,6,19,,19,,,,
169,6,19,,19,,,,
170,6,19,,19,,,,
171,6,19,,19,,,,
172,6,19,,19,,,,
173,6,19,,19,,,,
174,6,19,,19,,,,
175,6,19,,19,,,,
176,6,19,,19,,,,
177,6,19,,19,,,,
178,6,19,,19,,,,
179,6,19,,19,,,,
180,6,19,,19,,,,
181,6,19,,19,,,,
182,6,19,,19,,,,
183,6,19,,19,,,,
184,6,19,,19,,,,
185,6,19,,19,,,,
186,6,19,,19,,,,
187,6,19,,19,,,,
188,6,19,,19,,,,
189,6,19,,19,,,,
190,6,19,,19,,,,
191,3,19,,19,,,,
192,3,19,,19,,,,
193,3,19,,19,,,,
194,3,19,,19,,,,
195,3,19,,19,,,,
196,3,19,,19,,,,
197,3,19,,19,,,,
198,3,19,,19,,,,
199,3,19,,19,,,,
200,3,19,,19,,,,
201,3,19,,19,,,,
202,3,19,,19,,,,
203,3,19,,19,,,,
204,3,19,,19,,,,
205,3,19,,19,,,,
206,3,19,,19,,,,
207,3,19,,19,,,,
208,3,19,,19,,,,
209,2,19,,19,,,,
210,2,19,,19,,,,
211,2,19,,19,,,,
212,2,19,,19,,,,
213,2,19,,19,,,,
214,2,19,,19,,,,
215,1,19,,19,,,,
216,2,19,,19,,,,
217,2,19,,19,,,,
218,2,19,,19,,,,
219,2,19,,19,,,,
220,2,19,,19,,,,
221,2,19,,19,,,,
222,1,19,,19,,,,
223,2,19,,19,,,,
224,2,19,,19,,,,
225,2,19,,19,,,,
226,2,19,,19,,,,
227,2,19,,19,,,,
228,2,19,,19,,,,
229,6,19,,19,,,,
230,6,19,,19,,,,
231,6,19,,19,,,,
232,6,19,,19,,,,
233,6,19,,19,,,,
234,6,19,,19,,,,
235,6,19,,19,,,,
236,6,19,,19,,,,
237,6,19,,19,,,,
238,6,19,,19,,,,
239,6,19,,19,,,,
240,6,19,,19,,,,
241,6,19,,19,,,,
242,6,19,,19,,,,
243,6,19,,19,,,,
244,6,19,,19,,,,
245,6,19,,19,,,,
246,6,19,,19,,,,
247,6,19,,19,,,,
248,6,19,,19,,,,
249,6,19,,19,,,,
250,6,19,,19,,,,
251,6,19,,19,,,,
252,6,19,,19,,,,
253,6,19,,19,,,,
254,6,19,,19,,,,
255,6,19,,19,,,,
256,6,19,,19,,,,
257,6,19,,19,,,,
258,2,19,,19,,,,
259,1,19,,19,,,,
260,1,19,,19,,,,
261,1,19,,19,,,,
262,2,19,,19,,,,
263,2,19,,19,,,,
264,1,19,,19,,,,
265,1,19,,19,,,,
266,1,19,,19,,,,
267,2,19,,19,,,,
268,1,19,,19,,,,
269,1,19,,19,,,,
270,2,19,,19,,,,
271,2,19,,19,,,,
272,2,19,,19,,,,
273,2,19,,19,,,,
274,1,19,,19,,,,
275,1,19,,19,,,,
276,1,19,,19,,,,
277,1,19,,19,,,,
278,2,19,,19,,,,
279,2,19,,19,,,,
280,2,19,,19,,,,
281,2,19,,20,,,,
282,4,20,,20,,,,
283,4,20,,20,,,,
284,4,20,,20,,,,
285,4,20,,20,,,,
286,4,20,,20,,,,
287,4,20,,20,,,,
288,4,20,,20,,,,
289,4,20,,20,,,,
290,4,20,,20,,,,
291,4,20,,20,,,,
292,4,20,,20,,,,
293,4,20,,20,,,,
294,4,20,,20,,,,
295,4,20,,20,,,,
296,4,20,,20,,,,
297,4,20,,20,,,,
298,4,20,,20,,,,
299,4,20,,20,,,,
300,4,20,,20,,,,
301,4,20,,20,,,,
302,4,20,,20,,,,
303,4,20,,20,,,,
304,4,20,,20,,,,
305,4,20,,20,,,,
306,4,20,,20,,,,
307,4,20,,20,,,,
308,4,20,,20,,,,
309,5,20,,20,,,,
310,4,20,,20,,,,
311,4,20,,20,,,,
312,4,20,,20,,,,
313,4,20,,20,,,,
314,4,20,,20,,,,
315,4,20,,20,,,,
316,4,20,,20,,,,
317,4,20,,20,,,,
318,6,20,,20,,,,
319,6,20,,20,,,,
320,6,20,,20,,,,
321,6,20,,20,,,,
322,6,20,,20,,,,
323,6,20,,20,,,,
324,6,20,,20,,,,
325,6,20,,20,,,,
326,6,20,,20,,,,
327,6,20,,20,,,,
328,6,20,,20,,,,
329,6,20,,20,,,,
330,6,20,,20,,,,
331,6,20,,20,,,,
332,6,20,,20,,,,
333,6,20,,20,,,,
334,6,20,,20,,,,
335,6,20,,20,,,,
336,6,20,,20,,,,
337,6,20,,20,,,,
338,6,20,,20,,,,
339,6,20,,20,,,,
340,6,20,,20,,,,
341,6,20,,20,,,,
342,6,20,,20,,,,
343,6,20,,20,,,,
344,6,20,,20,,,,
345,6,20,,20,,,,
346,6,20,,20,,,,
347,6,20,,20,,,,
348,6,20,,20,,,,
349,1,20,,20,,,,
350,1,20,,20,,,,
351,1,20,,20,,,,
352,1,20,,20,,,,
353,1,20,,20,,,,
354,1,20,,20,,,,
355,1,20,,20,,,,
356,1,20,,20,,,,
357,1,20,,20,,,,
358,1,20,,20,,,,
359,1,20,,20,,,,
360,1,20,,20,,,,
361,1,20,,20,,,,
362,1,20,,20,,,,
363,1,20,,20,,,,
364,1,20,,20,,,,
365,1,20,,20,,,,
366,1,20,,20,,,,
367,1,20,,20,,,,
368,1,20,,20,,,,
369,1,20,,20,,,,
370,1,20,,20,,,,
371,1,20,,20,,,,
372,1,20,,20,,,,
373,1,20,,20,,,,
374,1,20,,20,,,,
375,1,20,,20,,,,
376,3,20,,20,,,,
377,3,20,,20,,,,
378,3,20,,20,,,,
379,3,20,,20,,,,
380,3,20,,20,,,,
381,3,20,,20,,,,
382,3,20,,20,,,,
383,3,20,,20,,,,
384,3,20,,20,,,,
385,3,20,,20,,,,
386,3,20,,20,,,,
387,3,20,,20,,,,
388,3,20,,20,,,,
389,3,20,,20,,,,
390,3,20,,20,,,,
391,3,20,,20,,,,
392,3,20,,20,,,,
393,3,20,,20,,,,
394,3,20,,20,,,,
395,3,20,,20,,,,
396,3,20,,20,,,,
397,3,20,,20,,,,
398,1,20,,20,,,,
399,1,20,,20,,,,
400,2,20,,20,,,,
401,1,20,,20,,,,
402,2,20,,20,,,,
403,1,20,,20,,,,
404,2,20,,20,,,,
405,2,20,,20,,,,
406,2,20,,20,,,,
407,2,20,,20,,,,
408,2,20,,20,,,,
409,2,20,,20,,,,
410,2,20,,20,,,,
411,2,20,,20,,,,
412,2,20,,20,,,,
413,2,20,,20,,,,
414,2,20,,20,,,,
415,1,20,,20,,,,
416,2,20,,20,,,,
417,1,20,,20,,,,
418,2,20,,20,,,,
419,2,20,,20,,,,
420,2,20,,20,,,,
421,2,20,,20,,,,
422,2,20,,20,,,,
423,5,20,,20,,,,
424,5,20,,20,,,,
425,5,20,,20,,,,
426,5,20,,20,,,,
427,5,20,,20,,,,
428,5,20,,20,,,,
429,5,20,,20,,,,
430,5,20,,20,,,,
431,5,20,,20,,,,
432,5,20,,20,,,,
433,5,20,,20,,,,
434,5,20,,20,,,,
435,5,20,,20,,,,
436,5,20,,20,,,,
437,5,20,,20,,,,
438,5,20,,20,,,,
439,5,20,,20,,,,
440,5,20,,20,,,,
441,5,20,,20,,,,
442,5,20,,20,,,,
443,5,20,,20,,,,
444,5,20,,20,,,,
445,5,20,,20,,,,
446,5,20,,20,,,,
447,5,20,,20,,,,
448,5,20,,20,,,,
449,5,20,,20,,,,
450,5,20,,20,,,,
451,5,20,,20,,,,
452,5,20,,20,,,,
453,5,20,,20,,,,
454,5,20,,20,,,,
455,5,20,,20,,,,
456,5,20,,20,,,,
457,5,20,,20,,,,
458,5,20,,20,,,,
459,5,20,,20,,,,
460,5,20,,20,,,,
461,2,20,,20,,,,
462,2,20,,20,,,,
463,2,20,,20,,,,
464,2,20,,20,,,,
465,2,20,,20,,,,
466,1,20,,20,,,,
467,2,20,,20,,,,
468,2,20,,20,,,,
469,2,20,,20,,,,
470,2,20,,20,,,,
471,2,20,,20,,,,
472,2,20,,20,,,,
473,2,20,,20,,,,
474,2,20,,20,,,,
475,2,20,,20,,,,
476,2,20,,20,,,,
477,2,20,,20,,,,
478,2,20,,20,,,,
479,2,20,,20,,,,
480,2,20,,20,,,,
481,2,20,,20,,,,
482,2,20,,20,,,,
483,2,20,,20,,,,
484,2,20,,20,,,,
485,2,20,,20,,,,
486,2,20,,20,,,,
487,5,20,,20,,,,
488,5,20,,20,,,,
489,5,20,,20,,,,
490,5,20,,20,,,,
491,5,20,,20,,,,
492,5,20,,20,,,,
493,5,20,,20,,,,
494,5,20,,20,,,,
495,5,20,,20,,,,
496,5,20,,20,,,,
497,5,20,,20,,,,
498,5,20,,20,,,,
499,5,20,,20,,,,
500,5,20,,20,,,,
501,5,20,,20,,,,
502,5,20,,20,,,,
503,5,20,,20,,,,
504,5,20,,20,,,,
505,5,20,,20,,,,
506,5,20,,20,,,,
507,5,20,,20,,,,
508,5,20,,20,,,,
509,5,20,,20,,,,
510,5,20,,20,,,,
511,5,20,,20,,,,
512,5,20,,20,,,,
513,5,20,,20,,,,
514,5,20,,20,,,,
515,5,20,,20,,,,
516,5,20,,20,,,,
517,5,20,,20,,,,
518,5,20,,20,,,,
519,5,20,,20,,,,
520,5,20,,20,,,,
521,5,20,,20,,,,
522,4,20,,20,,,,
523,4,20,,20,,,,
524,4,20,,20,,,,
525,4,20,,20,,,,
526,4,20,,20,,,,
527,4,20,,20,,,,
528,4,20,,20,,,,
529,4,20,,20,,,,
530,4,20,,20,,,,
531,4,20,,20,,,,
532,4,20,,20,,,,
533,4,20,,20,,,,
534,4,20,,20,,,,
535,4,20,,20,,,,
536,4,20,,20,,,,
537,4,20,,20,,,,
538,4,20,,20,,,,
539,4,20,,20,,,,
540,4,20,,20,,,,
541,4,20,,20,,,,
542,4,20,,20,,,,
543,5,20,,20,,,,
544,4,20,,20,,,,
545,4,20,,20,,,,
546,4,20,,20,,,,
547,4,20,,20,,,,
548,4,20,,20,,,,
549,5,20,,20,,,,
550,4,20,,20,,,,
551,4,20,,20,,,,
552,6,20,,20,,,,
553,6,20,,20,,,,
554,6,20,,20,,,,
555,6,20,,20,,,,
556,6,20,,20,,,,
557,6,20,,20,,,,
558,6,20,,20,,,,
559,6,20,,20,,,,
560,6,20,,20,,,,
561,6,20,,20,,,,
562,6,20,,20,,,,
563,6,20,,20,,,,
564,6,20,,20,,,,
565,6,20,,20,,,,
566,6,20,,20,,,,
567,6,20,,20,,,,
568,6,20,,20,,,,
569,6,20,,20,,,,
570,6,20,,20,,,,
571,6,20,,20,,,,
572,6,20,,20,,,,
573,6,20,,20,,,,
574,6,20,,20,,,,
575,6,20,,20,,,,
576,6,20,,20,,,,
577,6,20,,20,,,,
578,6,20,,20,,,,
579,6,20,,20,,,,
580,6,20,,20,,,,
581,6,20,,20,,,,
582,6,20,,20,,,,
583,6,20,,20,,,,
584,6,20,,20,,,,
585,6,20,,20,,,,
586,6,20,,20,,,,
587,6,20,,20,,,,
588,6,20,,20,,,,
589,3,20,,20,,,,
590,1,20,,20,,,,
591,3,20,,20,,,,
592,3,20,,20,,,,
593,3,20,,20,,,,
594,1,20,,20,,,,
595,1,20,,20,,,,
596,1,20,,20,,,,
597,1,20,,20,,,,
598,1,20,,20,,,,
599,1,20,,20,,,,
600,1,20,,20,,,,
601,3,20,,20,,,,
602,1,20,,20,,,,
603,3,20,,20,,,,
604,3,20,,20,,,,
605,1,20,,20,,,,
606,1,20,,20,,,,
607,1,20,,20,,,,
608,1,20,,20,,,,
609,1,20,,20,,,,
610,3,20,,20,,,,
611,1,20,,20,,,,
612,1,20,,20,,,,
613,3,20,,20,,,,
614,3,20,,20,,,,
615,3,20,,20,,,,
616,3,20,,20,,,,
617,3,20,,20,,,,
618,3,20,,20,,,,
619,3,20,,20,,,,
620,3,20,,20,,,,
621,3,20,,20,,,,
622,3,20,,20,,,,
623,3,20,,20,,,,
624,3,20,,20,,,,
625,3,20,,20,,,,
626,3,20,,20,,,,
627,3,20,,20,,,,
628,3,20,,20,,,,
629,3,20,,20,,,,
630,3,20,,20,,,,
631,3,20,,20,,,,
632,3,20,,20,,,,
633,3,20,,20,,,,
634,3,20,,20,,,,
635,3,20,,21,,,,
636,2,21,,21,,,,
637,2,21,,21,,,,
638,2,21,,21,,,,
639,2,21,,21,,,,
640,2,21,,21,,,,
641,2,21,,21,,,,
642,2,21,,21,,,,
643,2,21,,21,,,,
644,2,21,,21,,,,
645,2,21,,21,,,,
646,2,21,,21,,,,
647,3,21,,21,,,,
648,2,21,,21,,,,
649,2,21,,21,,,,
650,2,21,,21,,,,
651,2,21,,21,,,,
652,2,21,,21,,,,
653,3,21,,21,,,,
654,2,21,,21,,,,
655,2,21,,21,,,,
656,2,21,,21,,,,
657,2,21,,21,,,,
658,2,21,,21,,,,
659,2,21,,21,,,,
660,2,21,,21,,,,
661,2,21,,21,,,,
662,5,21,,21,,,,
663,5,21,,21,,,,
664,5,21,,21,,,,
665,5,21,,21,,,,
666,5,21,,21,,,,
667,5,21,,21,,,,
668,5,21,,21,,,,
669,5,21,,21,,,,
670,5,21,,21,,,,
671,5,21,,21,,,,
672,5,21,,21,,,,
673,5,21,,21,,,,
674,5,21,,21,,,,
675,5,21,,21,,,,
676,5,21,,21,,,,
677,5,21,,21,,,,
678,5,21,,21,,,,
679,5,21,,21,,,,
680,5,21,,21,,,,
681,5,21,,21,,,,
682,5,21,,21,,,,
683,5,21,,21,,,,
684,5,21,,21,,,,
685,5,21,,21,,,,
686,5,21,,21,,,,
687,5,21,,21,,,,
688,5,21,,21,,,,
689,2,21,,21,,,,
690,2,21,,21,,,,
691,2,21,,21,,,,
692,2,21,,21,,,,
693,3,21,,21,,,,
694,1,21,,21,,,,
695,1,21,,21,,,,
696,2,21,,21,,,,
697,3,21,,21,,,,
698,2,21,,21,,,,
699,2,21,,21,,,,
700,1,21,,21,,,,
701,1,21,,21,,,,
702,3,21,,21,,,,
703,3,21,,21,,,,
704,1,21,,21,,,,
705,2,21,,21,,,,
706,3,21,,21,,,,
707,2,21,,21,,,,
708,3,21,,21,,,,
709,3,21,,21,,,,
710,1,21,,21,,,,
711,1,21,,21,,,,
712,2,21,,21,,,,
713,2,21,,21,,,,
714,6,21,,21,,,,
715,6,21,,21,,,,
716,6,21,,21,,,,
717,6,21,,21,,,,
718,6,21,,21,,,,
719,6,21,,21,,,,
720,6,21,,21,,,,
721,6,21,,21,,,,
722,6,21,,21,,,,
723,6,21,,21,,,,
724,6,21,,21,,,,
725,6,21,,21,,,,
726,6,21,,21,,,,
727,6,21,,21,,,,
728,6,21,,21,,,,
729,6,21,,21,,,,
730,6,21,,21,,,,
731,6,21,,21,,,,
732,6,21,,21,,,,
733,6,21,,21,,,,
734,6,21,,21,,,,
735,6,21,,21,,,,
736,6,21,,21,,,,
737,6,21,,21,,,,
738,6,21,,21,,,,
739,6,21,,21,,,,
740,6,21,,21,,,,
741,6,21,,21,,,,
742,6,21,,21,,,,
743,4,21,,21,,,,
744,4,21,,21,,,,
745,4,21,,21,,,,
746,4,21,,21,,,,
747,4,21,,21,,,,
748,4,21,,21,,,,
749,4,21,,21,,,,
750,4,21,,21,,,,
751,4,21,,21,,,,
752,4,21,,21,,,,
753,4,21,,21,,,,
754,4,21,,21,,,,
755,4,21,,21,,,,
756,4,21,,21,,,,
757,4,21,,21,,,,
758,4,21,,21,,,,
759,5,21,,21,,,,
760,5,21,,21,,,,
761,5,21,,21,,,,
762,5,21,,21,,,,
763,5,21,,21,,,,
764,5,21,,21,,,,
765,4,21,,21,,,,
766,5,21,,21,,,,
767,4,21,,21,,,,
768,4,21,,21,,,,
769,5,21,,21,,,,
770,5,21,,21,,,,
771,5,21,,21,,,,
772,5,21,,21,,,,
773,5,21,,21,,,,
774,5,21,,21,,,,
775,5,21,,21,,,,
776,5,21,,21,,,,
777,5,21,,21,,,,
778,5,21,,21,,,,
779,5,21,,21,,,,
780,5,21,,21,,,,
781,5,21,,21,,,,
782,5,21,,21,,,,
783,5,21,,21,,,,
784,5,21,,21,,,,
785,5,21,,21,,,,
786,5,21,,21,,,,
787,5,21,,21,,,,
788,5,21,,21,,,,
789,5,21,,21,,,,
790,5,21,,21,,,,
791,5,21,,21,,,,
792,5,21,,21,,,,
793,5,21,,21,,,,
794,5,21,,21,,,,
795,5,21,,21,,,,
796,5,21,,21,,,,
797,5,21,,21,,,,
798,5,21,,21,,,,
799,4,21,,21,,,,
800,4,21,,21,,,,
801,4,21,,21,,,,
802,4,21,,21,,,,
803,4,21,,21,,,,
804,4,21,,21,,,,
805,4,21,,21,,,,
806,4,21,,21,,,,
807,4,21,,21,,,,
808,4,21,,21,,,,
809,4,21,,21,,,,
810,4,21,,21,,,,
811,4,21,,21,,,,
812,4,21,,21,,,,
813,4,21,,21,,,,
814,4,21,,21,,,,
815,4,21,,21,,,,
816,5,21,,21,,,,
817,4,21,,21,,,,
818,5,21,,21,,,,
819,5,21,,21,,,,
820,5,21,,21,,,,
821,4,21,,21,,,,
822,4,21,,21,,,,
823,4,21,,21,,,,
824,4,21,,21,,,,
825,4,21,,21,,,,
826,4,21,,21,,,,
827,4,21,,21,,,,
828,6,21,,21,,,,
829,6,21,,21,,,,
830,6,21,,21,,,,
831,6,21,,21,,,,
832,6,21,,21,,,,
833,6,21,,21,,,,
834,6,21,,21,,,,
835,6,21,,21,,,,
836,6,21,,21,,,,
837,6,21,,21,,,,
838,6,21,,21,,,,
839,6,21,,21,,,,
840,6,21,,21,,,,
841,6,21,,21,,,,
842,6,21,,21,,,,
843,6,21,,21,,,,
844,6,21,,21,,,,
845,6,21,,21,,,,
846,6,21,,21,,,,
847,6,21,,21,,,,
848,6,21,,21,,,,
849,6,21,,21,,,,
850,6,21,,21,,,,
851,6,21,,21,,,,
852,6,21,,21,,,,
853,6,21,,21,,,,
854,6,21,,21,,,,
855,6,21,,21,,,,
856,1,21,,21,,,,
857,1,21,,21,,,,
858,1,21,,21,,,,
859,1,21,,21,,,,
860,1,21,,21,,,,
861,1,21,,21,,,,
862,1,21,,21,,,,
863,1,21,,21,,,,
864,1,21,,21,,,,
865,1,21,,21,,,,
866,1,21,,21,,,,
867,1,21,,21,,,,
868,1,21,,21,,,,
869,1,21,,21,,,,
870,1,21,,21,,,,
871,1,21,,21,,,,
872,1,21,,21,,,,
873,1,21,,21,,,,
874,1,21,,21,,,,
875,1,21,,21,,,,
876,1,21,,21,,,,
877,1,21,,21,,,,
878,1,21,,21,,,,
879,1,21,,21,,,,
880,1,21,,21,,,,
881,1,21,,21,,,,
882,1,21,,21,,,,
883,1,21,,21,,,,
884,1,21,,21,,,,
885,3,21,,21,,,,
886,3,21,,21,,,,
887,3,21,,21,,,,
888,3,21,,21,,,,
889,3,21,,21,,,,
890,3,21,,21,,,,
891,3,21,,21,,,,
892,3,21,,21,,,,
893,3,21,,21,,,,
894,3,21,,21,,,,
895,3,21,,21,,,,
896,3,21,,21,,,,
897,3,21,,21,,,,
898,3,21,,21,,,,
899,3,21,,21,,,,
900,3,21,,21,,,,
901,3,21,,21,,,,
902,3,21,,21,,,,
903,3,21,,21,,,,
904,3,21,,21,,,,
905,3,21,,21,,,,
906,3,21,,21,,,,
907,3,21,,21,,,,
908,3,21,,21,,,,
909,1,21,,21,,,,
910,1,21,,21,,,,
911,1,21,,21,,,,
912,1,21,,21,,,,
913,1,21,,21,,,,
914,1,21,,21,,,,
915,1,21,,21,,,,
916,1,21,,21,,,,
917,1,21,,21,,,,
918,1,21,,21,,,,
919,1,21,,21,,,,
920,1,21,,21,,,,
921,1,21,,21,,,,
922,1,21,,21,,,,
923,1,21,,21,,,,
924,1,21,,21,,,,
925,1,21,,21,,,,
926,1,21,,21,,,,
927,1,21,,21,,,,
928,1,21,,21,,,,
929,1,21,,21,,,,
930,1,21,,21,,,,
931,1,21,,21,,,,
932,1,21,,21,,,,
933,1,21,,21,,,,
934,1,21,,21,,,,
935,1,21,,21,,,,
936,1,21,,21,,,,
937,3,21,,21,,,,
938,3,21,,21,,,,
939,3,21,,21,,,,
940,3,21,,21,,,,
941,3,21,,21,,,,
942,3,21,,21,,,,
943,3,21,,21,,,,
944,3,21,,21,,,,
945,3,21,,21,,,,
946,3,21,,21,,,,
947,3,21,,21,,,,
948,3,21,,21,,,,
949,3,21,,21,,,,
950,3,21,,21,,,,
951,3,21,,21,,,,
952,3,21,,21,,,,
953,3,21,,21,,,,
954,3,21,,21,,,,
955,3,21,,21,,,,
956,3,21,,21,,,,
957,3,21,,21,,,,
958,3,21,,21,,,,
959,3,21,,21,,,,
960,3,21,,22,,,,
961,3,22,,22,,,,
962,3,22,,22,,,,
963,3,22,,22,,,,
964,3,22,,22,,,,
965,3,22,,22,,,,
966,3,22,,22,,,,
967,3,22,,22,,,,
968,2,22,,22,,,,
969,2,22,,22,,,,
970,1,22,,22,,,,
971,1,22,,22,,,,
972,1,22,,22,,,,
973,1,22,,22,,,,
974,1,22,,22,,,,
975,1,22,,22,,,,
976,1,22,,22,,,,
977,1,22,,22,,,,
978,3,22,,22,,,,
979,3,22,,22,,,,
980,3,22,,22,,,,
981,3,22,,22,,,,
982,3,22,,22,,,,
983,3,22,,22,,,,
984,6,22,,22,,,,
985,6,22,,22,,,,
986,6,22,,22,,,,
987,6,22,,22,,,,
988,6,22,,22,,,,
989,6,22,,22,,,,
990,6,22,,22,,,,
991,6,22,,22,,,,
992,6,22,,22,,,,
993,6,22,,22,,,,
994,6,22,,22,,,,
995,6,22,,22,,,,
996,6,22,,22,,,,
997,6,22,,22,,,,
998,6,22,,22,,,,
999,6,22,,22,,,,
1000,6,22,,22,,,,
1001,6,22,,22,,,,
1002,6,22,,22,,,,
1003,6,22,,22,,,,
1004,6,22,,22,,,,
1005,6,22,,22,,,,
1006,6,22,,22,,,,
1007,6,22,,22,,,,
1008,1,22,,22,,,,
1009,1,22,,22,,,,
1010,1,22,,22,,,,
1011,1,22,,22,,,,
1012,1,22,,22,,,,
1013,1,22,,22,,,,
1014,1,22,,22,,,,
1015,1,22,,22,,,,
1016,1,22,,22,,,,
1017,1,22,,22,,,,
1018,1,22,,22,,,,
1019,1,22,,22,,,,
1020,1,22,,22,,,,
1021,1,22,,22,,,,
1022,1,22,,22,,,,
1023,1,22,,22,,,,
1024,1,22,,22,,,,
1025,1,22,,22,,,,
1026,1,22,,22,,,,
1027,1,22,,22,,,,
1028,1,22,,22,,,,
1029,1,22,,22,,,,
1030,1,22,,22,,,,
1031,1,22,,22,,,,
1032,1,22,,22,,,,
1033,1,22,,22,,,,
1034,1,22,,22,,,,
1035,1,22,,22,,,,
1036,1,22,,22,,,,
1037,1,22,,22,,,,
1038,1,22,,22,,,,
1039,1,22,,22,,,,
1040,1,22,,22,,,,
1041,1,22,,22,,,,
1042,3,22,,22,,,,
1043,3,22,,22,,,,
1044,3,22,,22,,,,
1045,3,22,,22,,,,
1046,3,22,,22,,,,
1047,3,22,,22,,,,
1048,3,22,,22,,,,
1049,3,22,,22,,,,
1050,1,22,,22,,,,
1051,1,22,,22,,,,
1052,1,22,,22,,,,
1053,1,22,,22,,,,
1054,1,22,,22,,,,
1055,1,22,,22,,,,
1056,1,22,,22,,,,
1057,1,22,,22,,,,
1058,4,22,,22,,,,
1059,4,22,,22,,,,
1060,5,22,,22,,,,
1061,5,22,,22,,,,
1062,5,22,,22,,,,
1063,5,22,,22,,,,
1064,5,22,,22,,,,
1065,5,22,,22,,,,
1066,5,22,,22,,,,
1067,4,22,,22,,,,
1068,5,22,,22,,,,
1069,4,22,,22,,,,
1070,4,22,,22,,,,
1071,4,22,,22,,,,
1072,5,22,,22,,,,
1073,5,22,,22,,,,
1074,5,22,,22,,,,
1075,5,22,,22,,,,
1076,5,22,,22,,,,
1077,5,22,,22,,,,
1078,5,22,,22,,,,
1079,5,22,,22,,,,
1080,5,22,,22,,,,
1081,5,22,,22,,,,
1082,4,22,,22,,,,
1083,4,22,,22,,,,
1084,4,22,,22,,,,
1085,4,22,,22,,,,
1086,5,22,,22,,,,
1087,5,22,,22,,,,
1088,5,22,,22,,,,
1089,5,22,,22,,,,
1090,5,22,,22,,,,
1091,5,22,,22,,,,
1092,5,22,,22,,,,
1093,4,22,,22,,,,
1094,4,22,,22,,,,
1095,4,22,,22,,,,
1096,4,22,,22,,,,
1097,5,22,,22,,,,
1098,4,22,,22,,,,
1099,4,22,,22,,,,
1100,5,22,,22,,,,
1101,4,22,,22,,,,
1102,4,22,,22,,,,
1103,4,22,,22,,,,
1104,5,22,,22,,,,
1105,4,22,,22,,,,
1106,6,22,,22,,,,
1107,6,22,,22,,,,
1108,6,22,,22,,,,
1109,6,22,,22,,,,
1110,6,22,,22,,,,
1111,6,22,,22,,,,
1112,6,22,,22,,,,
1113,6,22,,22,,,,
1114,6,22,,22,,,,
1115,6,22,,22,,,,
1116,6,22,,22,,,,
1117,6,22,,22,,,,
1118,6,22,,22,,,,
1119,6,22,,22,,,,
1120,6,22,,22,,,,
1121,6,22,,22,,,,
1122,6,22,,22,,,,
1123,6,22,,22,,,,
1124,6,22,,22,,,,
1125,6,22,,22,,,,
1126,6,22,,22,,,,
1127,6,22,,22,,,,
1128,6,22,,22,,,,
1129,6,22,,22,,,,
1130,6,22,,22,,,,
1131,6,22,,22,,,,
1132,1,22,,22,,,,
1133,1,22,,22,,,,
1134,1,22,,22,,,,
1135,1,22,,22,,,,
1136,1,22,,22,,,,
1137,1,22,,22,,,,
1138,1,22,,22,,,,
1139,1,22,,22,,,,
1140,1,22,,22,,,,
1141,1,22,,22,,,,
1142,1,22,,22,,,,
1143,1,22,,22,,,,
1144,1,22,,22,,,,
1145,1,22,,22,,,,
1146,1,22,,22,,,,
1147,1,22,,22,,,,
1148,1,22,,22,,,,
1149,1,22,,22,,,,
1150,1,22,,22,,,,
1151,1,22,,22,,,,
1152,1,22,,22,,,,
1153,1,22,,22,,,,
1154,1,22,,22,,,,
1155,1,22,,22,,,,
1156,1,22,,22,,,,
1157,1,22,,22,,,,
1158,3,22,,22,,,,
1159,3,22,,22,,,,
1160,3,22,,22,,,,
1161,3,22,,22,,,,
1162,3,22,,22,,,,
1163,3,22,,22,,,,
1164,3,22,,22,,,,
1165,3,22,,22,,,,
1166,3,22,,22,,,,
1167,3,22,,22,,,,
1168,3,22,,22,,,,
1169,3,22,,22,,,,
1170,3,22,,22,,,,
1171,3,22,,22,,,,
1172,1,22,,22,,,,
1173,2,22,,22,,,,
1174,2,22,,22,,,,
1175,1,22,,22,,,,
1176,2,22,,22,,,,
1177,2,22,,22,,,,
1178,2,22,,22,,,,
1179,2,22,,22,,,,
1180,2,22,,22,,,,
1181,2,22,,22,,,,
1182,1,22,,22,,,,
1183,1,22,,22,,,,
1184,2,22,,22,,,,
1185,1,22,,22,,,,
1186,2,22,,22,,,,
1187,2,22,,22,,,,
1188,2,22,,22,,,,
1189,1,22,,22,,,,
1190,2,22,,22,,,,
1191,2,22,,22,,,,
1192,2,22,,22,,,,
1193,2,22,,22,,,,
1194,2,22,,22,,,,
1195,3,22,,22,,,,
1196,3,22,,22,,,,
1197,3,22,,22,,,,
1198,3,22,,22,,,,
1199,3,22,,22,,,,
1200,3,22,,22,,,,
1201,3,22,,22,,,,
1202,5,22,,22,,,,
1203,5,22,,22,,,,
1204,5,22,,22,,,,
1205,4,22,,22,,,,
1206,5,22,,22,,,,
1207,5,22,,22,,,,
1208,5,22,,22,,,,
1209,4,22,,22,,,,
1210,5,22,,22,,,,
1211,4,22,,22,,,,
1212,5,22,,22,,,,
1213,5,22,,22,,,,
1214,5,22,,22,,,,
1215,5,22,,22,,,,
1216,5,22,,22,,,,
1217,5,22,,22,,,,
1218,5,22,,22,,,,
1219,5,22,,22,,,,
1220,5,22,,22,,,,
1221,5,22,,22,,,,
1222,5,22,,22,,,,
1223,5,22,,22,,,,
1224,5,22,,22,,,,
1225,5,22,,22,,,,
1226,4,22,,22,,,,
1227,4,22,,22,,,,
1228,4,22,,22,,,,
1229,4,22,,22,,,,
1230,4,22,,22,,,,
1231,4,22,,22,,,,
1232,4,22,,22,,,,
1233,5,22,,22,,,,
1234,4,22,,22,,,,
1235,4,22,,22,,,,
1236,4,22,,22,,,,
1237,4,22,,22,,,,
1238,5,22,,22,,,,
1239,4,22,,22,,,,
1240,4,22,,22,,,,
1241,4,22,,22,,,,
1242,4,22,,22,,,,
1243,4,22,,22,,,,
1244,4,22,,22,,,,
1245,4,22,,22,,,,
1246,4,22,,22,,,,
1247,4,22,,22,,,,
1248,4,22,,23,,,,
1249,3,23,,23,,,,
1250,3,23,,23,,,,
1251,3,23,,23,,,,
1252,3,23,,23,,,,
1253,3,23,,23,,,,
1254,3,23,,23,,,,
1255,3,23,,23,,,,
1256,3,23,,23,,,,
1257,3,23,,23,,,,
1258,3,23,,23,,,,
1259,3,23,,23,,,,
1260,3,23,,23,,,,
1261,3,23,,23,,,,
1262,3,23,,23,,,,
1263,3,23,,23,,,,
1264,3,23,,23,,,,
1265,3,23,,23,,,,
1266,3,23,,23,,,,
1267,3,23,,23,,,,
1268,2,23,,23,,,,
1269,2,23,,23,,,,
1270,2,23,,23,,,,
1271,2,23,,23,,,,
1272,2,23,,23,,,,
1273,2,23,,23,,,,
1274,2,23,,23,,,,
1275,2,23,,23,,,,
1276,2,23,,23,,,,
1277,2,23,,23,,,,
1278,2,23,,23,,,,
1279,2,23,,23,,,,
1280,2,23,,23,,,,
1281,2,23,,23,,,,
1282,2,23,,23,,,,
1283,2,23,,23,,,,
1284,2,23,,23,,,,
1285,2,23,,23,,,,
1286,2,23,,23,,,,
1287,2,23,,23,,,,
1288,5,23,,23,,,,
1289,5,23,,23,,,,
1290,5,23,,23,,,,
1291,5,23,,23,,,,
1292,5,23,,23,,,,
1293,5,23,,23,,,,
1294,5,23,,23,,,,
1295,5,23,,23,,,,
1296,5,23,,23,,,,
1297,5,23,,23,,,,
1298,5,23,,23,,,,
1299,5,23,,23,,,,
1300,5,23,,23,,,,
1301,5,23,,23,,,,
1302,5,23,,23,,,,
1303,5,23,,23,,,,
1304,5,23,,23,,,,
1305,5,23,,23,,,,
1306,5,23,,23,,,,
1307,5,23,,23,,,,
1308,5,23,,23,,,,
1309,5,23,,23,,,,
1310,5,23,,23,,,,
1311,5,23,,23,,,,
1312,5,23,,23,,,,
1313,5,23,,23,,,,
1314,5,23,,23,,,,
1315,5,23,,23,,,,
1316,5,23,,23,,,,
1317,5,23,,23,,,,
1318,5,23,,23,,,,
1319,5,23,,23,,,,
1320,5,23,,23,,,,
1321,4,23,,23,,,,
1322,4,23,,23,,,,
1323,4,23,,23,,,,
1324,4,23,,23,,,,
1325,4,23,,23,,,,
1326,4,23,,23,,,,
1327,4,23,,23,,,,
1328,4,23,,23,,,,
1329,4,23,,23,,,,
1330,4,23,,23,,,,
1331,4,23,,23,,,,
1332,4,23,,23,,,,
1333,4,23,,23,,,,
1334,4,23,,23,,,,
1335,4,23,,23,,,,
1336,4,23,,23,,,,
1337,4,23,,23,,,,
1338,4,23,,23,,,,
1339,4,23,,23,,,,
1340,4,23,,23,,,,
1341,4,23,,23,,,,
1342,4,23,,23,,,,
1343,4,23,,23,,,,
1344,4,23,,23,,,,
1345,4,23,,23,,,,
1346,4,23,,23,,,,
1347,4,23,,23,,,,
1348,4,23,,23,,,,
1349,4,23,,23,,,,
1350,4,23,,23,,,,
1351,4,23,,23,,,,
1352,4,23,,23,,,,
1353,4,23,,23,,,,
1354,4,23,,23,,,,
1355,6,23,,23,,,,
1356,6,23,,23,,,,
1357,6,23,,23,,,,
1358,6,23,,23,,,,
1359,6,23,,23,,,,
1360,6,23,,23,,,,
1361,6,23,,23,,,,
1362,6,23,,23,,,,
1363,6,23,,23,,,,
1364,6,23,,23,,,,
1365,6,23,,23,,,,
1366,6,23,,23,,,,
1367,6,23,,23,,,,
1368,6,23,,23,,,,
1369,6,23,,23,,,,
1370,6,23,,23,,,,
1371,6,23,,23,,,,
1372,6,23,,23,,,,
1373,6,23,,23,,,,
1374,6,23,,23,,,,
1375,6,23,,23,,,,
1376,6,23,,23,,,,
1377,6,23,,23,,,,
1378,6,23,,23,,,,
1379,6,23,,23,,,,
1380,6,23,,23,,,,
1381,6,23,,23,,,,
1382,6,23,,23,,,,
1383,6,23,,23,,,,
1384,6,23,,23,,,,
1385,6,23,,23,,,,
1386,6,23,,23,,,,
1387,6,23,,23,,,,
1388,6,23,,23,,,,
1389,6,23,,23,,,,
1390,6,23,,23,,,,
1391,1,23,,23,,,,
1392,1,23,,23,,,,
1393,1,23,,23,,,,
1394,1,23,,23,,,,
1395,1,23,,23,,,,
1396,1,23,,23,,,,
1397,1,23,,23,,,,
1398,1,23,,23,,,,
1399,1,23,,23,,,,
1400,1,23,,23,,,,
1401,1,23,,23,,,,
1402,1,23,,23,,,,
1403,1,23,,23,,,,
1404,1,23,,23,,,,
1405,1,23,,23,,,,
1406,1,23,,23,,,,
1407,1,23,,23,,,,
1408,1,23,,23,,,,
1409,1,23,,23,,,,
1410,1,23,,23,,,,
1411,1,23,,23,,,,
1412,1,23,,23,,,,
1413,1,23,,23,,,,
1414,1,23,,23,,,,
1415,1,23,,23,,,,
1416,1,23,,23,,,,
1417,1,23,,23,,,,
1418,1,23,,23,,,,
1419,3,23,,23,,,,
1420,3,23,,23,,,,
1421,3,23,,23,,,,
1422,3,23,,23,,,,
1423,3,23,,23,,,,
1424,3,23,,23,,,,
1425,3,23,,23,,,,
1426,3,23,,23,,,,
1427,3,23,,23,,,,
1428,3,23,,23,,,,
1429,3,23,,23,,,,
1430,3,23,,23,,,,
1431,3,23,,23,,,,
1432,3,23,,23,,,,
1433,3,23,,23,,,,
1434,3,23,,23,,,,
1435,3,23,,23,,,,
1436,3,23,,23,,,,
1437,3,23,,23,,,,
1438,3,23,,23,,,,
1439,3,23,,23,,,,
1440,3,23,,23,,,,
1441,3,23,,23,,,,
1442,3,23,,23,,,,
1443,3,23,,23,,,,
1444,3,23,,23,,,,
1445,3,23,,23,,,,
1446,2,23,,23,,,,
1447,2,23,,23,,,,
1448,2,23,,23,,,,
1449,2,23,,23,,,,
1450,2,23,,23,,,,
1451,2,23,,23,,,,
1452,2,23,,23,,,,
1453,2,23,,23,,,,
1454,2,23,,23,,,,
1455,1,23,,23,,,,
1456,2,23,,23,,,,
1457,2,23,,23,,,,
1458,2,23,,23,,,,
1459,3,23,,23,,,,
1460,2,23,,23,,,,
1461,2,23,,23,,,,
1462,2,23,,23,,,,
1463,2,23,,23,,,,
1464,2,23,,23,,,,
1465,2,23,,23,,,,
1466,2,23,,23,,,,
1467,2,23,,23,,,,
1468,2,23,,23,,,,
1469,2,23,,23,,,,
1470,2,23,,23,,,,
1471,2,23,,23,,,,
1472,1,23,,23,,,,
1473,2,23,,23,,,,
1474,2,23,,23,,,,
1475,2,23,,23,,,,
1476,2,23,,23,,,,
1477,2,23,,23,,,,
1478,2,23,,23,,,,
1479,2,23,,23,,,,
1480,2,23,,23,,,,
1481,2,23,,23,,,,
1482,2,23,,23,,,,
1483,2,23,,23,,,,
1484,2,23,,23,,,,
1485,3,23,,23,,,,
1486,3,23,,23,,,,
1487,3,23,,23,,,,
1488,3,23,,23,,,,
1489,3,23,,23,,,,
1490,3,23,,23,,,,
1491,3,23,,23,,,,
1492,3,23,,23,,,,
1493,3,23,,23,,,,
1494,5,23,,23,,,,
1495,5,23,,23,,,,
1496,5,23,,23,,,,
1497,5,23,,23,,,,
1498,4,23,,23,,,,
1499,5,23,,23,,,,
1500,5,23,,23,,,,
1501,5,23,,23,,,,
1502,5,23,,23,,,,
1503,5,23,,23,,,,
1504,5,23,,23,,,,
1505,5,23,,23,,,,
1506,5,23,,23,,,,
1507,5,23,,23,,,,
1508,5,23,,23,,,,
1509,5,23,,23,,,,
1510,5,23,,23,,,,
1511,5,23,,23,,,,
1512,5,23,,23,,,,
1513,5,23,,23,,,,
1514,5,23,,23,,,,
1515,5,23,,23,,,,
1516,5,23,,23,,,,
1517,5,23,,23,,,,
1518,5,23,,23,,,,
1519,5,23,,23,,,,
1520,5,23,,23,,,,
1521,5,23,,23,,,,
1522,5,23,,23,,,,
1523,5,23,,23,,,,
1524,5,23,,23,,,,
1525,5,23,,23,,,,
1526,5,23,,23,,,,
1527,5,23,,23,,,,
1528,5,23,,23,,,,
1529,5,23,,23,,,,
1530,4,23,,23,,,,
1531,4,23,,23,,,,
1532,4,23,,23,,,,
1533,4,23,,23,,,,
1534,4,23,,23,,,,
1535,4,23,,23,,,,
1536,4,23,,23,,,,
1537,4,23,,23,,,,
1538,4,23,,23,,,,
1539,4,23,,23,,,,
1540,4,23,,23,,,,
1541,4,23,,23,,,,
1542,4,23,,23,,,,
1543,4,23,,23,,,,
1544,4,23,,23,,,,
1545,4,23,,23,,,,
1546,4,23,,23,,,,
1547,4,23,,23,,,,
1548,4,23,,23,,,,
1549,4,23,,23,,,,
1550,4,23,,23,,,,
1551,4,23,,23,,,,
1552,4,23,,23,,,,
1553,4,23,,23,,,,
1554,4,23,,23,,,,
1555,4,23,,23,,,,
1556,4,23,,23,,,,
1557,4,23,,23,,,,
1558,4,23,,23,,,,
1559,4,23,,23,,,,
1560,4,23,,23,,,,
1561,4,23,,23,,,,
1562,4,23,,23,,,,
1563,4,23,,23,,,,
1564,6,23,,23,,,,
1565,6,23,,23,,,,
1566,6,23,,23,,,,
1567,6,23,,23,,,,
1568,6,23,,23,,,,
1569,6,23,,23,,,,
1570,6,23,,23,,,,
1571,6,23,,23,,,,
1572,6,23,,23,,,,
1573,6,23,,23,,,,
1574,6,23,,23,,,,
1575,6,23,,23,,,,
1576,6,23,,23,,,,
1577,6,23,,23,,,,
1578,6,23,,23,,,,
1579,6,23,,23,,,,
1580,6,23,,23,,,,
1581,6,23,,23,,,,
1582,6,23,,23,,,,
1583,6,23,,23,,,,
1584,6,23,,23,,,,
1585,6,23,,23,,,,
1586,6,23,,23,,,,
1587,6,23,,23,,,,
1588,6,23,,23,,,,
1589,6,23,,23,,,,
1590,6,23,,23,,,,
1591,6,23,,23,,,,
1592,6,23,,23,,,,
1593,6,23,,23,,,,
1594,6,23,,23,,,,
1595,6,23,,23,,,,
1596,6,23,,23,,,,
1597,6,23,,23,,,,
1598,6,23,,23,,,,
1599,6,23,,23,,,,
1600,1,23,,23,,,,
1601,1,23,,23,,,,
1602,1,23,,23,,,,
1603,1,23,,23,,,,
1604,1,23,,23,,,,
1605,1,23,,23,,,,
1606,1,23,,23,,,,
1607,1,23,,23,,,,
1608,1,23,,23,,,,
1609,1,23,,23,,,,
1610,1,23,,23,,,,
1611,1,23,,23,,,,
1612,1,23,,23,,,,
1613,1,23,,23,,,,
1614,1,23,,23,,,,
1615,1,23,,23,,,,
1616,1,23,,23,,,,
1617,1,23,,23,,,,
1618,1,23,,23,,,,
1619,1,23,,23,,,,
1620,1,23,,23,,,,
1621,1,23,,23,,,,
1622,1,23,,23,,,,
1623,1,23,,23,,,,
1624,1,23,,23,,,,
1625,1,23,,23,,,,
1626,1,23,,23,,,,
1627,1,23,,23,,,,
1628,1,23,,23,,,,
1629,1,23,,24,,,,
1630,2,24,,24,,,,
1631,2,24,,24,,,,
1632,1,24,,24,,,,
1633,1,24,,24,,,,
1634,1,24,,24,,,,
1635,1,24,,24,,,,
1636,1,24,,24,,,,
1637,1,24,,24,,,,
1638,1,24,,24,,,,
1639,1,24,,24,,,,
1640,1,24,,24,,,,
1641,1,24,,24,,,,
1642,1,24,,24,,,,
1643,1,24,,24,,,,
1644,1,24,,24,,,,
1645,1,24,,24,,,,
1646,1,24,,24,,,,
1647,1,24,,24,,,,
1648,1,24,,24,,,,
1649,1,24,,24,,,,
1650,1,24,,24,,,,
1651,1,24,,24,,,,
1652,1,24,,24,,,,
1653,1,24,,24,,,,
1654,1,24,,24,,,,
1655,1,24,,24,,,,
1656,3,24,,24,,,,
1657,2,24,,24,,,,
1658,2,24,,24,,,,
1659,2,24,,24,,,,
1660,2,24,,24,,,,
1661,2,24,,24,,,,
1662,2,24,,24,,,,
1663,2,24,,24,,,,
1664,2,24,,24,,,,
1665,2,24,,24,,,,
1666,2,24,,24,,,,
1667,2,24,,24,,,,
1668,2,24,,24,,,,
1669,2,24,,24,,,,
1670,2,24,,24,,,,
1671,2,24,,24,,,,
1672,2,24,,24,,,,
1673,3,24,,24,,,,
1674,2,24,,24,,,,
1675,2,24,,24,,,,
1676,2,24,,24,,,,
1677,2,24,,24,,,,
1678,2,24,,24,,,,
1679,2,24,,24,,,,
1680,2,24,,24,,,,
1681,5,24,,24,,,,
1682,5,24,,24,,,,
1683,4,24,,24,,,,
1684,4,24,,24,,,,
1685,5,24,,24,,,,
1686,5,24,,24,,,,
1687,5,24,,24,,,,
1688,5,24,,24,,,,
1689,5,24,,24,,,,
1690,5,24,,24,,,,
1691,5,24,,24,,,,
1692,5,24,,24,,,,
1693,5,24,,24,,,,
1694,5,24,,24,,,,
1695,4,24,,24,,,,
1696,5,24,,24,,,,
1697,5,24,,24,,,,
1698,5,24,,24,,,,
1699,5,24,,24,,,,
1700,5,24,,24,,,,
1701,5,24,,24,,,,
1702,5,24,,24,,,,
1703,5,24,,24,,,,
1704,5,24,,24,,,,
1705,5,24,,24,,,,
1706,5,24,,24,,,,
1707,5,24,,24,,,,
1708,5,24,,24,,,,
1709,5,24,,24,,,,
1710,5,24,,24,,,,
1711,5,24,,24,,,,
1712,5,24,,24,,,,
1713,5,24,,24,,,,
1714,5,24,,24,,,,
1715,3,24,,24,,,,
1716,3,24,,24,,,,
1717,3,24,,24,,,,
1718,3,24,,24,,,,
1719,3,24,,24,,,,
1720,3,24,,24,,,,
1721,3,24,,24,,,,
1722,3,24,,24,,,,
1723,3,24,,24,,,,
1724,3,24,,24,,,,
1725,3,24,,24,,,,
1726,3,24,,24,,,,
1727,3,24,,24,,,,
1728,3,24,,24,,,,
1729,3,24,,24,,,,
1730,3,24,,24,,,,
1731,3,24,,24,,,,
1732,3,24,,24,,,,
1733,3,24,,24,,,,
1734,3,24,,24,,,,
1735,3,24,,24,,,,
1736,3,24,,24,,,,
1737,3,24,,24,,,,
1738,3,24,,24,,,,
1739,5,24,,24,,,,
1740,5,24,,24,,,,
1741,5,24,,24,,,,
1742,4,24,,24,,,,
1743,4,24,,24,,,,
1744,5,24,,24,,,,
1745,5,24,,24,,,,
1746,5,24,,24,,,,
1747,5,24,,24,,,,
1748,5,24,,24,,,,
1749,4,24,,24,,,,
1750,4,24,,24,,,,
1751,4,24,,24,,,,
1752,5,24,,24,,,,
1753,5,24,,24,,,,
1754,4,24,,24,,,,
1755,4,24,,24,,,,
1756,5,24,,24,,,,
1757,4,24,,24,,,,
1758,4,24,,24,,,,
1759,4,24,,24,,,,
1760,4,24,,24,,,,
1761,4,24,,24,,,,
1762,5,24,,24,,,,
1763,5,24,,24,,,,
1764,4,24,,24,,,,
1765,4,24,,24,,,,
1766,5,24,,24,,,,
1767,4,24,,24,,,,
1768,5,24,,24,,,,
1769,5,24,,24,,,,
1770,4,24,,24,,,,
1771,4,24,,24,,,,
1772,4,24,,24,,,,
1773,4,24,,24,,,,
1774,4,24,,24,,,,
1775,4,24,,24,,,,
1776,4,24,,24,,,,
1777,4,24,,24,,,,
1778,4,24,,24,,,,
1779,4,24,,24,,,,
1780,4,24,,24,,,,
1781,4,24,,24,,,,
1782,4,24,,24,,,,
1783,4,24,,24,,,,
1784,4,24,,24,,,,
1785,4,24,,24,,,,
1786,4,24,,24,,,,
1787,4,24,,24,,,,
1788,4,24,,24,,,,
1789,4,24,,24,,,,
1790,4,24,,24,,,,
1791,4,24,,24,,,,
1792,4,24,,24,,,,
1793,4,24,,24,,,,
1794,4,24,,24,,,,
1795,4,24,,24,,,,
1796,4,24,,24,,,,
1797,4,24,,24,,,,
1798,6,24,,24,,,,
1799,6,24,,24,,,,
1800,6,24,,24,,,,
1801,6,24,,24,,,,
1802,6,24,,24,,,,
1803,6,24,,24,,,,
1804,6,24,,24,,,,
1805,6,24,,24,,,,
1806,6,24,,24,,,,
1807,6,24,,24,,,,
1808,6,24,,24,,,,
1809,6,24,,24,,,,
1810,6,24,,24,,,,
1811,6,24,,24,,,,
1812,6,24,,24,,,,
1813,6,24,,24,,,,
1814,6,24,,24,,,,
1815,6,24,,24,,,,
1816,6,24,,24,,,,
1817,6,24,,24,,,,
1818,6,24,,24,,,,
1819,6,24,,24,,,,
1820,6,24,,24,,,,
1821,6,24,,24,,,,
1822,6,24,,24,,,,
1823,6,24,,24,,,,
1824,6,24,,24,,,,
1825,6,24,,24,,,,
1826,6,24,,24,,,,
1827,6,24,,24,,,,
1828,6,24,,24,,,,
1829,6,24,,24,,,,
1830,6,24,,24,,,,
1831,6,24,,24,,,,
1832,6,24,,24,,,,
1833,6,24,,24,,,,
1834,6,24,,24,,,,
1835,6,24,,24,,,,
1836,6,24,,24,,,,
1837,6,24,,24,,,,
1838,1,24,,24,,,,
1839,1,24,,24,,,,
1840,1,24,,24,,,,
1841,1,24,,24,,,,
1842,1,24,,24,,,,
1843,1,24,,24,,,,
1844,1,24,,24,,,,
1845,1,24,,24,,,,
1846,1,24,,24,,,,
1847,1,24,,24,,,,
1848,1,24,,24,,,,
1849,1,24,,24,,,,
1850,1,24,,24,,,,
1851,1,24,,24,,,,
1852,1,24,,24,,,,
1853,1,24,,24,,,,
1854,1,24,,24,,,,
1855,1,24,,24,,,,
1856,1,24,,24,,,,
1857,1,24,,24,,,,
1858,1,24,,24,,,,
1859,1,24,,24,,,,
1860,1,24,,24,,,,
1861,1,24,,24,,,,
1862,1,24,,24,,,,
1863,1,24,,24,,,,
1864,1,24,,24,,,,
1865,3,24,,24,,,,
1866,3,24,,24,,,,
1867,3,24,,24,,,,
1868,3,24,,24,,,,
1869,3,24,,24,,,,
1870,3,24,,24,,,,
1871,3,24,,24,,,,
1872,3,24,,24,,,,
1873,3,24,,24,,,,
1874,3,24,,24,,,,
1875,3,24,,24,,,,
1876,3,24,,24,,,,
1877,3,24,,24,,,,
1878,3,24,,24,,,,
1879,3,24,,24,,,,
1880,3,24,,24,,,,
1881,3,24,,24,,,,
1882,3,24,,24,,,,
1883,3,24,,24,,,,
1884,3,24,,24,,,,
1885,3,24,,24,,,,
1886,3,24,,24,,,,
1887,3,24,,24,,,,
1888,3,24,,24,,,,
1889,3,24,,24,,,,
1890,2,24,,24,,,,
1891,2,24,,24,,,,
1892,2,24,,24,,,,
1893,2,24,,24,,,,
1894,2,24,,24,,,,
1895,2,24,,24,,,,
1896,2,24,,24,,,,
1897,2,24,,24,,,,
1898,2,24,,24,,,,
1899,2,24,,24,,,,
1900,2,24,,24,,,,
1901,2,24,,24,,,,
1902,2,24,,24,,,,
1903,2,24,,24,,,,
1904,2,24,,24,,,,
1905,2,24,,24,,,,
1906,2,24,,24,,,,
1907,2,24,,24,,,,
1908,2,24,,24,,,,
1909,2,24,,24,,,,
1910,2,24,,24,,,,
1911,2,24,,24,,,,
1912,2,24,,24,,,,
1913,4,24,,24,,,,
1914,4,24,,24,,,,
1915,4,24,,24,,,,
1916,4,24,,24,,,,
1917,4,24,,24,,,,
1918,4,24,,24,,,,
1919,4,24,,24,,,,
1920,4,24,,24,,,,
1921,4,24,,24,,,,
1922,4,24,,24,,,,
1923,4,24,,24,,,,
1924,4,24,,24,,,,
1925,4,24,,24,,,,
1926,4,24,,24,,,,
1927,4,24,,24,,,,
1928,4,24,,24,,,,
1929,4,24,,24,,,,
1930,4,24,,24,,,,
1931,4,24,,24,,,,
1932,4,24,,24,,,,
1933,4,24,,24,,,,
1934,4,24,,24,,,,
1935,4,24,,24,,,,
1936,4,24,,24,,,,
1937,4,24,,24,,,,
1938,4,24,,24,,,,
1939,4,24,,24,,,,
1940,4,24,,24,,,,
1941,4,24,,24,,,,
1942,4,24,,24,,,,
1943,4,24,,24,,,,
1944,4,24,,24,,,,
1945,6,24,,24,,,,
1946,6,24,,24,,,,
1947,6,24,,24,,,,
1948,6,24,,24,,,,
1949,6,24,,24,,,,
1950,6,24,,24,,,,
1951,6,24,,24,,,,
1952,6,24,,24,,,,
1953,6,24,,24,,,,
1954,6,24,,24,,,,
1955,6,24,,24,,,,
1956,6,24,,24,,,,
1957,6,24,,24,,,,
1958,6,24,,24,,,,
1959,6,24,,24,,,,
1960,6,24,,24,,,,
1961,6,24,,24,,,,
1962,6,24,,24,,,,
1963,6,24,,24,,,,
1964,6,24,,24,,,,
1965,6,24,,24,,,,
1966,6,24,,24,,,,
1967,6,24,,24,,,,
1968,6,24,,24,,,,
1969,6,24,,24,,,,
1970,6,24,,24,,,,
1971,6,24,,24,,,,
1972,6,24,,24,,,,
1973,6,24,,25,,,,
1974,6,25,,25,,,,
1975,6,25,,25,,,,
1976,6,25,,25,,,,
1977,6,25,,25,,,,
1978,6,25,,25,,,,
1979,6,25,,25,,,,
1980,6,25,,25,,,,
1981,6,25,,25,,,,
1982,6,25,,25,,,,
1983,6,25,,25,,,,
1984,6,25,,25,,,,
1985,6,25,,25,,,,
1986,6,25,,25,,,,
1987,6,25,,25,,,,
1988,6,25,,25,,,,
1989,6,25,,25,,,,
1990,6,25,,25,,,,
1991,6,25,,25,,,,
1992,6,25,,25,,,,
1993,6,25,,25,,,,
1994,6,25,,25,,,,
1995,6,25,,25,,,,
1996,6,25,,25,,,,
1997,6,25,,25,,,,
1998,6,25,,25,,,,
1999,6,25,,25,,,,
2000,6,25,,25,,,,
2001,6,25,,25,,,,
2002,6,25,,25,,,,
2003,6,25,,25,,,,
2004,6,25,,25,,,,
2005,1,25,,25,,,,
2006,1,25,,25,,,,
2007,1,25,,25,,,,
2008,1,25,,25,,,,
2009,1,25,,25,,,,
2010,1,25,,25,,,,
2011,1,25,,25,,,,
2012,1,25,,25,,,,
2013,1,25,,25,,,,
2014,1,25,,25,,,,
2015,1,25,,25,,,,
2016,1,25,,25,,,,
2017,1,25,,25,,,,
2018,1,25,,25,,,,
2019,1,25,,25,,,,
2020,1,25,,25,,,,
2021,1,25,,25,,,,
2022,1,25,,25,,,,
2023,1,25,,25,,,,
2024,1,25,,25,,,,
2025,1,25,,25,,,,
2026,1,25,,25,,,,
2027,1,25,,25,,,,
2028,1,25,,25,,,,
2029,1,25,,25,,,,
2030,1,25,,25,,,,
2031,1,25,,25,,,,
2032,6,25,,25,,,,
2033,6,25,,25,,,,
2034,6,25,,25,,,,
2035,6,25,,25,,,,
2036,6,25,,25,,,,
2037,6,25,,25,,,,
2038,6,25,,25,,,,
2039,6,25,,25,,,,
2040,6,25,,25,,,,
2041,6,25,,25,,,,
2042,6,25,,25,,,,
2043,6,25,,25,,,,
2044,6,25,,25,,,,
2045,6,25,,25,,,,
2046,6,25,,25,,,,
2047,6,25,,25,,,,
2048,6,25,,25,,,,
2049,6,25,,25,,,,
2050,6,25,,25,,,,
2051,6,25,,25,,,,
2052,6,25,,25,,,,
2053,6,25,,25,,,,
2054,6,25,,25,,,,
2055,6,25,,25,,,,
2056,6,25,,25,,,,
2057,6,25,,25,,,,
2058,6,25,,25,,,,
2059,3,25,,25,,,,
2060,3,25,,25,,,,
2061,3,25,,25,,,,
2062,3,25,,25,,,,
2063,3,25,,25,,,,
2064,3,25,,25,,,,
2065,3,25,,25,,,,
2066,3,25,,25,,,,
2067,3,25,,25,,,,
2068,3,25,,25,,,,
2069,3,25,,25,,,,
2070,3,25,,25,,,,
2071,3,25,,25,,,,
2072,3,25,,25,,,,
2073,3,25,,25,,,,
2074,3,25,,25,,,,
2075,3,25,,25,,,,
2076,3,25,,25,,,,
2077,3,25,,25,,,,
2078,2,25,,25,,,,
2079,3,25,,25,,,,
2080,3,25,,25,,,,
2081,3,25,,25,,,,
2082,2,25,,25,,,,
2083,2,25,,25,,,,
2084,2,25,,25,,,,
2085,2,25,,25,,,,
2086,2,25,,25,,,,
2087,2,25,,25,,,,
2088,2,25,,25,,,,
2089,2,25,,25,,,,
2090,2,25,,25,,,,
2091,2,25,,25,,,,
2092,2,25,,25,,,,
2093,2,25,,25,,,,
2094,2,25,,25,,,,
2095,2,25,,25,,,,
2096,2,25,,25,,,,
2097,2,25,,25,,,,
2098,2,25,,25,,,,
2099,1,25,,25,,,,
2100,2,25,,25,,,,
2101,5,25,,25,,,,
2102,4,25,,25,,,,
2103,4,25,,25,,,,
2104,5,25,,25,,,,
2105,5,25,,25,,,,
2106,5,25,,25,,,,
2107,4,25,,25,,,,
2108,4,25,,25,,,,
2109,4,25,,25,,,,
2110,4,25,,25,,,,
2111,4,25,,25,,,,
2112,4,25,,25,,,,
2113,4,25,,25,,,,
2114,4,25,,25,,,,
2115,4,25,,25,,,,
2116,4,25,,25,,,,
2117,4,25,,25,,,,
2118,4,25,,25,,,,
2119,4,25,,25,,,,
2120,4,25,,25,,,,
2121,4,25,,25,,,,
2122,5,25,,25,,,,
2123,5,25,,25,,,,
2124,5,25,,25,,,,
2125,5,25,,25,,,,
2126,5,25,,25,,,,
2127,5,25,,25,,,,
2128,5,25,,25,,,,
2129,5,25,,25,,,,
2130,5,25,,25,,,,
2131,5,25,,25,,,,
2132,5,25,,25,,,,
2133,5,25,,25,,,,
2134,5,25,,25,,,,
2135,5,25,,25,,,,
2136,5,25,,25,,,,
2137,5,25,,25,,,,
2138,5,25,,25,,,,
2139,4,25,,25,,,,
2140,5,25,,25,,,,
2141,5,25,,25,,,,
2142,5,25,,25,,,,
2143,5,25,,25,,,,
2144,5,25,,25,,,,
2145,5,25,,25,,,,
2146,5,25,,25,,,,
2147,4,25,,25,,,,
2148,4,25,,25,,,,
2149,5,25,,25,,,,
2150,5,25,,25,,,,
2151,4,25,,25,,,,
2152,1,25,,25,,,,
2153,1,25,,25,,,,
2154,1,25,,25,,,,
2155,1,25,,25,,,,
2156,1,25,,25,,,,
2157,1,25,,25,,,,
2158,1,25,,25,,,,
2159,1,25,,25,,,,
2160,1,25,,25,,,,
2161,1,25,,25,,,,
2162,1,25,,25,,,,
2163,1,25,,25,,,,
2164,1,25,,25,,,,
2165,1,25,,25,,,,
2166,1,25,,25,,,,
2167,1,25,,25,,,,
2168,1,25,,25,,,,
2169,1,25,,25,,,,
2170,1,25,,25,,,,
2171,3,25,,25,,,,
2172,3,25,,25,,,,
2173,1,25,,25,,,,
2174,1,25,,25,,,,
2175,3,25,,25,,,,
2176,1,25,,25,,,,
2177,1,25,,25,,,,
2178,3,25,,25,,,,
2179,3,25,,25,,,,
2180,3,25,,25,,,,
2181,3,25,,25,,,,
2182,3,25,,25,,,,
2183,3,25,,25,,,,
2184,3,25,,25,,,,
2185,3,25,,25,,,,
2186,3,25,,25,,,,
2187,3,25,,25,,,,
2188,3,25,,25,,,,
2189,3,25,,25,,,,
2190,3,25,,25,,,,
2191,3,25,,25,,,,
2192,3,25,,25,,,,
2193,3,25,,25,,,,
2194,3,25,,25,,,,
2195,3,25,,25,,,,
2196,3,25,,25,,,,
2197,1,25,,25,,,,
2198,1,25,,25,,,,
2199,1,25,,25,,,,
2200,1,25,,25,,,,
2201,1,25,,25,,,,
2202,1,25,,25,,,,
2203,1,25,,25,,,,
2204,1,25,,25,,,,
2205,1,25,,25,,,,
2206,1,25,,25,,,,
2207,1,25,,25,,,,
2208,1,25,,25,,,,
2209,1,25,,25,,,,
2210,1,25,,25,,,,
2211,1,25,,25,,,,
2212,1,25,,25,,,,
2213,1,25,,25,,,,
2214,1,25,,25,,,,
2215,1,25,,25,,,,
2216,1,25,,25,,,,
2217,1,25,,25,,,,
2218,1,25,,25,,,,
2219,1,25,,25,,,,
2220,1,25,,25,,,,
2221,4,25,,25,,,,
2222,4,25,,25,,,,
2223,4,25,,25,,,,
2224,4,25,,25,,,,
2225,4,25,,25,,,,
2226,4,25,,25,,,,
2227,4,25,,25,,,,
2228,4,25,,25,,,,
2229,4,25,,25,,,,
2230,4,25,,25,,,,
2231,4,25,,25,,,,
2232,4,25,,25,,,,
2233,4,25,,25,,,,
2234,4,25,,25,,,,
2235,4,25,,25,,,,
2236,4,25,,25,,,,
2237,4,25,,25,,,,
2238,4,25,,25,,,,
2239,4,25,,25,,,,
2240,4,25,,25,,,,
2241,4,25,,25,,,,
2242,4,25,,25,,,,
2243,4,25,,25,,,,
2244,4,25,,25,,,,
2245,5,25,,25,,,,
2246,5,25,,25,,,,
2247,5,25,,25,,,,
2248,5,25,,25,,,,
2249,5,25,,25,,,,
2250,5,25,,25,,,,
2251,5,25,,25,,,,
2252,5,25,,25,,,,
2253,5,25,,25,,,,
2254,5,25,,25,,,,
2255,5,25,,25,,,,
2256,5,25,,25,,,,
2257,1,25,,25,,,,
2258,5,25,,25,,,,
2259,5,25,,25,,,,
2260,5,25,,25,,,,
2261,5,25,,25,,,,
2262,5,25,,25,,,,
2263,5,25,,25,,,,
2264,5,25,,25,,,,
2265,5,25,,25,,,,
2266,5,25,,25,,,,
2267,5,25,,26,,,,
2268,6,26,,26,,,,
2269,6,26,,26,,,,
2270,6,26,,26,,,,
2271,6,26,,26,,,,
2272,6,26,,26,,,,
2273,6,26,,26,,,,
2274,6,26,,26,,,,
2275,6,26,,26,,,,
2276,6,26,,26,,,,
2277,6,26,,26,,,,
2278,6,26,,26,,,,
2279,6,26,,26,,,,
2280,6,26,,26,,,,
2281,6,26,,26,,,,
2282,6,26,,26,,,,
2283,6,26,,26,,,,
2284,6,26,,26,,,,
2285,6,26,,26,,,,
2286,6,26,,26,,,,
2287,6,26,,26,,,,
2288,6,26,,26,,,,
2289,6,26,,26,,,,
2290,6,26,,26,,,,
2291,6,26,,26,,,,
2292,6,26,,26,,,,
2293,6,26,,26,,,,
2294,6,26,,26,,,,
2295,3,26,,26,,,,
2296,3,26,,26,,,,
2297,3,26,,26,,,,
2298,3,26,,26,,,,
2299,3,26,,26,,,,
2300,3,26,,26,,,,
2301,3,26,,26,,,,
2302,3,26,,26,,,,
2303,3,26,,26,,,,
2304,3,26,,26,,,,
2305,3,26,,26,,,,
2306,3,26,,26,,,,
2307,3,26,,26,,,,
2308,3,26,,26,,,,
2309,3,26,,26,,,,
2310,3,26,,26,,,,
2311,3,26,,26,,,,
2312,3,26,,26,,,,
2313,3,26,,26,,,,
2314,3,26,,26,,,,
2315,3,26,,26,,,,
2316,2,26,,26,,,,
2317,2,26,,26,,,,
2318,2,26,,26,,,,
2319,1,26,,26,,,,
2320,1,26,,26,,,,
2321,2,26,,26,,,,
2322,2,26,,26,,,,
2323,2,26,,26,,,,
2324,3,26,,26,,,,
2325,2,26,,26,,,,
2326,1,26,,26,,,,
2327,2,26,,26,,,,
2328,2,26,,26,,,,
2329,2,26,,26,,,,
2330,2,26,,26,,,,
2331,2,26,,26,,,,
2332,2,26,,26,,,,
2333,2,26,,26,,,,
2334,2,26,,26,,,,
2335,1,26,,26,,,,
2336,1,26,,26,,,,
2337,2,26,,26,,,,
2338,2,26,,26,,,,
2339,2,26,,26,,,,
2340,2,26,,26,,,,
2341,3,26,,26,,,,
2342,3,26,,26,,,,
2343,3,26,,26,,,,
2344,3,26,,26,,,,
2345,3,26,,26,,,,
2346,3,26,,26,,,,
2347,3,26,,26,,,,
2348,3,26,,26,,,,
2349,3,26,,26,,,,
2350,3,26,,26,,,,
2351,3,26,,26,,,,
2352,3,26,,26,,,,
2353,3,26,,26,,,,
2354,3,26,,26,,,,
2355,3,26,,26,,,,
2356,3,26,,26,,,,
2357,3,26,,26,,,,
2358,3,26,,26,,,,
2359,3,26,,26,,,,
2360,3,26,,26,,,,
2361,3,26,,26,,,,
2362,3,26,,26,,,,
2363,3,26,,26,,,,
2364,3,26,,26,,,,
2365,3,26,,26,,,,
2366,2,26,,26,,,,
2367,2,26,,26,,,,
2368,2,26,,26,,,,
2369,2,26,,26,,,,
2370,2,26,,26,,,,
2371,2,26,,26,,,,
2372,2,26,,26,,,,
2373,1,26,,26,,,,
2374,2,26,,26,,,,
2375,2,26,,26,,,,
2376,2,26,,26,,,,
2377,2,26,,26,,,,
2378,2,26,,26,,,,
2379,2,26,,26,,,,
2380,2,26,,26,,,,
2381,2,26,,26,,,,
2382,2,26,,26,,,,
2383,2,26,,26,,,,
2384,2,26,,26,,,,
2385,2,26,,26,,,,
2386,2,26,,26,,,,
2387,2,26,,26,,,,
2388,2,26,,26,,,,
2389,2,26,,26,,,,
2390,2,26,,26,,,,
2391,2,26,,26,,,,
2392,2,26,,26,,,,
2393,5,26,,26,,,,
2394,5,26,,26,,,,
2395,5,26,,26,,,,
2396,5,26,,26,,,,
2397,5,26,,26,,,,
2398,5,26,,26,,,,
2399,5,26,,26,,,,
2400,5,26,,26,,,,
2401,5,26,,26,,,,
2402,5,26,,26,,,,
2403,5,26,,26,,,,
2404,5,26,,26,,,,
2405,5,26,,26,,,,
2406,5,26,,26,,,,
2407,5,26,,26,,,,
2408,5,26,,26,,,,
2409,5,26,,26,,,,
2410,5,26,,26,,,,
2411,5,26,,26,,,,
2412,5,26,,26,,,,
2413,5,26,,26,,,,
2414,5,26,,26,,,,
2415,5,26,,26,,,,
2416,5,26,,26,,,,
2417,5,26,,26,,,,
2418,5,26,,26,,,,
2419,5,26,,26,,,,
2420,5,26,,26,,,,
2421,5,26,,26,,,,
2422,5,26,,26,,,,
2423,5,26,,26,,,,
2424,5,26,,26,,,,
2425,5,26,,26,,,,
2426,5,26,,26,,,,
2427,1,26,,26,,,,
2428,1,26,,26,,,,
2429,1,26,,26,,,,
2430,1,26,,26,,,,
2431,1,26,,26,,,,
2432,1,26,,26,,,,
2433,1,26,,26,,,,
2434,1,26,,26,,,,
2435,1,26,,26,,,,
2436,1,26,,26,,,,
2437,1,26,,26,,,,
2438,1,26,,26,,,,
2439,1,26,,26,,,,
2440,1,26,,26,,,,
2441,1,26,,26,,,,
2442,1,26,,26,,,,
2443,1,26,,26,,,,
2444,1,26,,26,,,,
2445,1,26,,26,,,,
2446,1,26,,26,,,,
2447,1,26,,26,,,,
2448,1,26,,26,,,,
2449,1,26,,26,,,,
2450,1,26,,26,,,,
2451,1,26,,26,,,,
2452,1,26,,26,,,,
2453,1,26,,26,,,,
2454,5,26,,26,,,,
2455,5,26,,26,,,,
2456,5,26,,26,,,,
2457,5,26,,26,,,,
2458,5,26,,26,,,,
2459,5,26,,26,,,,
2460,5,26,,26,,,,
2461,5,26,,26,,,,
2462,5,26,,26,,,,
2463,5,26,,26,,,,
2464,5,26,,26,,,,
2465,5,26,,26,,,,
2466,5,26,,26,,,,
2467,5,26,,26,,,,
2468,5,26,,26,,,,
2469,5,26,,26,,,,
2470,5,26,,26,,,,
2471,5,26,,26,,,,
2472,5,26,,26,,,,
2473,5,26,,26,,,,
2474,5,26,,26,,,,
2475,5,26,,26,,,,
2476,5,26,,26,,,,
2477,5,26,,26,,,,
2478,5,26,,26,,,,
2479,5,26,,26,,,,
2480,5,26,,26,,,,
2481,4,26,,26,,,,
2482,4,26,,26,,,,
2483,4,26,,26,,,,
2484,4,26,,26,,,,
2485,4,26,,26,,,,
2486,4,26,,26,,,,
2487,4,26,,26,,,,
2488,4,26,,26,,,,
2489,4,26,,26,,,,
2490,4,26,,26,,,,
2491,4,26,,26,,,,
2492,4,26,,26,,,,
2493,4,26,,26,,,,
2494,4,26,,26,,,,
2495,4,26,,26,,,,
2496,5,26,,26,,,,
2497,4,26,,26,,,,
2498,4,26,,26,,,,
2499,4,26,,26,,,,
2500,4,26,,26,,,,
2501,4,26,,26,,,,
2502,4,26,,26,,,,
2503,4,26,,26,,,,
2504,5,26,,26,,,,
2505,5,26,,26,,,,
2506,5,26,,26,,,,
2507,5,26,,26,,,,
2508,5,26,,26,,,,
2509,4,26,,26,,,,
2510,4,26,,26,,,,
2511,4,26,,26,,,,
2512,4,26,,26,,,,
2513,4,26,,26,,,,
2514,4,26,,26,,,,
2515,4,26,,26,,,,
2516,4,26,,26,,,,
2517,4,26,,26,,,,
2518,4,26,,26,,,,
2519,5,26,,26,,,,
2520,4,26,,26,,,,
2521,4,26,,26,,,,
2522,4,26,,26,,,,
2523,4,26,,26,,,,
2524,4,26,,26,,,,
2525,4,26,,26,,,,
2526,4,26,,26,,,,
2527,4,26,,26,,,,
2528,5,26,,26,,,,
2529,4,26,,26,,,,
2530,4,26,,26,,,,
2531,4,26,,26,,,,
2532,6,26,,26,,,,
2533,6,26,,26,,,,
2534,6,26,,26,,,,
2535,6,26,,26,,,,
2536,6,26,,26,,,,
2537,6,26,,26,,,,
2538,6,26,,26,,,,
2539,6,26,,26,,,,
2540,6,26,,26,,,,
2541,6,26,,26,,,,
2542,6,26,,26,,,,
2543,6,26,,26,,,,
2544,6,26,,26,,,,
2545,6,26,,26,,,,
2546,6,26,,26,,,,
2547,6,26,,26,,,,
2548,6,26,,26,,,,
2549,6,26,,26,,,,
2550,6,26,,26,,,,
2551,6,26,,26,,,,
2552,6,26,,26,,,,
2553,6,26,,26,,,,
2554,6,26,,26,,,,
2555,6,26,,26,,,,
2556,6,26,,26,,,,
2557,6,26,,26,,,,
2558,6,26,,26,,,,
2559,6,26,,26,,,,
2560,6,26,,26,,,,
2561,6,26,,26,,,,
2562,6,26,,26,,,,
2563,6,26,,26,,,,
2564,6,26,,26,,,,
2565,1,26,,26,,,,
2566,1,26,,26,,,,
2567,1,26,,26,,,,
2568,1,26,,26,,,,
2569,1,26,,26,,,,
2570,1,26,,26,,,,
2571,1,26,,26,,,,
2572,1,26,,26,,,,
2573,1,26,,26,,,,
2574,1,26,,26,,,,
2575,1,26,,26,,,,
2576,1,26,,26,,,,
2577,1,26,,26,,,,
2578,1,26,,26,,,,
2579,1,26,,26,,,,
2580,1,26,,26,,,,
2581,1,26,,26,,,,
2582,1,26,,26,,,,
2583,3,26,,26,,,,
2584,3,26,,26,,,,
2585,1,26,,26,,,,
2586,1,26,,26,,,,
2587,1,26,,27,,,,
2588,5,27,,27,,,,
2589,5,27,,27,,,,
2590,5,27,,27,,,,
2591,5,27,,27,,,,
2592,5,27,,27,,,,
2593,5,27,,27,,,,
2594,5,27,,27,,,,
2595,5,27,,27,,,,
2596,5,27,,27,,,,
2597,5,27,,27,,,,
2598,5,27,,27,,,,
2599,5,27,,27,,,,
2600,5,27,,27,,,,
2601,5,27,,27,,,,
2602,5,27,,27,,,,
2603,5,27,,27,,,,
2604,5,27,,27,,,,
2605,5,27,,27,,,,
2606,5,27,,27,,,,
2607,4,27,,27,,,,
2608,4,27,,27,,,,
2609,5,27,,27,,,,
2610,5,27,,27,,,,
2611,5,27,,27,,,,
2612,5,27,,27,,,,
2613,4,27,,27,,,,
2614,4,27,,27,,,,
2615,5,27,,27,,,,
2616,5,27,,27,,,,
2617,5,27,,27,,,,
2618,5,27,,27,,,,
2619,4,27,,27,,,,
2620,4,27,,27,,,,
2621,4,27,,27,,,,
2622,4,27,,27,,,,
2623,4,27,,27,,,,
2624,4,27,,27,,,,
2625,4,27,,27,,,,
2626,4,27,,27,,,,
2627,4,27,,27,,,,
2628,4,27,,27,,,,
2629,4,27,,27,,,,
2630,4,27,,27,,,,
2631,4,27,,27,,,,
2632,4,27,,27,,,,
2633,4,27,,27,,,,
2634,4,27,,27,,,,
2635,6,27,,27,,,,
2636,6,27,,27,,,,
2637,6,27,,27,,,,
2638,6,27,,27,,,,
2639,6,27,,27,,,,
2640,6,27,,27,,,,
2641,6,27,,27,,,,
2642,6,27,,27,,,,
2643,6,27,,27,,,,
2644,6,27,,27,,,,
2645,6,27,,27,,,,
2646,6,27,,27,,,,
2647,6,27,,27,,,,
2648,6,27,,27,,,,
2649,6,27,,27,,,,
2650,6,27,,27,,,,
2651,6,27,,27,,,,
2652,6,27,,27,,,,
2653,6,27,,27,,,,
2654,6,27,,27,,,,
2655,6,27,,27,,,,
2656,6,27,,27,,,,
2657,6,27,,27,,,,
2658,6,27,,27,,,,
2659,6,27,,27,,,,
2660,1,27,,27,,,,
2661,1,27,,27,,,,
2662,1,27,,27,,,,
2663,1,27,,27,,,,
2664,1,27,,27,,,,
2665,1,27,,27,,,,
2666,1,27,,27,,,,
2667,1,27,,27,,,,
2668,1,27,,27,,,,
2669,1,27,,27,,,,
2670,1,27,,27,,,,
2671,1,27,,27,,,,
2672,1,27,,27,,,,
2673,1,27,,27,,,,
2674,1,27,,27,,,,
2675,1,27,,27,,,,
2676,1,27,,27,,,,
2677,1,27,,27,,,,
2678,1,27,,27,,,,
2679,1,27,,27,,,,
2680,1,27,,27,,,,
2681,1,27,,27,,,,
2682,1,27,,27,,,,
2683,1,27,,27,,,,
2684,1,27,,27,,,,
2685,1,27,,27,,,,
2686,1,27,,27,,,,
2687,1,27,,27,,,,
2688,3,27,,27,,,,
2689,3,27,,27,,,,
2690,3,27,,27,,,,
2691,3,27,,27,,,,
2692,3,27,,27,,,,
2693,3,27,,27,,,,
2694,3,27,,27,,,,
2695,3,27,,27,,,,
2696,3,27,,27,,,,
2697,3,27,,27,,,,
2698,3,27,,27,,,,
2699,3,27,,27,,,,
2700,3,27,,27,,,,
2701,3,27,,27,,,,
2702,3,27,,27,,,,
2703,3,27,,27,,,,
2704,3,27,,27,,,,
2705,3,27,,27,,,,
2706,3,27,,27,,,,
2707,3,27,,27,,,,
2708,3,27,,27,,,,
2709,3,27,,27,,,,
2710,2,27,,27,,,,
2711,2,27,,27,,,,
2712,2,27,,27,,,,
2713,2,27,,27,,,,
2714,2,27,,27,,,,
2715,2,27,,27,,,,
2716,2,27,,27,,,,
2717,2,27,,27,,,,
2718,2,27,,27,,,,
2719,2,27,,27,,,,
2720,2,27,,27,,,,
2721,2,27,,27,,,,
2722,2,27,,27,,,,
2723,2,27,,27,,,,
2724,2,27,,27,,,,
2725,2,27,,27,,,,
2726,2,27,,27,,,,
2727,3,27,,27,,,,
2728,2,27,,27,,,,
2729,2,27,,27,,,,
2730,2,27,,27,,,,
2731,2,27,,27,,,,
2732,2,27,,27,,,,
2733,2,27,,27,,,,
2734,2,27,,27,,,,
2735,5,27,,27,,,,
2736,5,27,,27,,,,
2737,5,27,,27,,,,
2738,4,27,,27,,,,
2739,4,27,,27,,,,
2740,5,27,,27,,,,
2741,5,27,,27,,,,
2742,5,27,,27,,,,
2743,5,27,,27,,,,
2744,5,27,,27,,,,
2745,5,27,,27,,,,
2746,5,27,,27,,,,
2747,5,27,,27,,,,
2748,5,27,,27,,,,
2749,5,27,,27,,,,
2750,5,27,,27,,,,
2751,5,27,,27,,,,
2752,5,27,,27,,,,
2753,5,27,,27,,,,
2754,4,27,,27,,,,
2755,5,27,,27,,,,
2756,5,27,,27,,,,
2757,5,27,,27,,,,
2758,5,27,,27,,,,
2759,5,27,,27,,,,
2760,5,27,,27,,,,
2761,5,27,,27,,,,
2762,5,27,,27,,,,
2763,3,27,,27,,,,
2764,3,27,,27,,,,
2765,3,27,,27,,,,
2766,3,27,,27,,,,
2767,3,27,,27,,,,
2768,3,27,,27,,,,
2769,3,27,,27,,,,
2770,3,27,,27,,,,
2771,3,27,,27,,,,
2772,3,27,,27,,,,
2773,3,27,,27,,,,
2774,3,27,,27,,,,
2775,3,27,,27,,,,
2776,3,27,,27,,,,
2777,3,27,,27,,,,
2778,3,27,,27,,,,
2779,3,27,,27,,,,
2780,3,27,,27,,,,
2781,3,27,,27,,,,
2782,3,27,,27,,,,
2783,3,27,,27,,,,
2784,3,27,,27,,,,
2785,3,27,,27,,,,
2786,3,27,,27,,,,
2787,3,27,,27,,,,
2788,2,27,,27,,,,
2789,2,27,,27,,,,
2790,2,27,,27,,,,
2791,2,27,,27,,,,
2792,2,27,,27,,,,
2793,2,27,,27,,,,
2794,2,27,,27,,,,
2795,2,27,,27,,,,
2796,5,27,,27,,,,
2797,2,27,,27,,,,
2798,2,27,,27,,,,
2799,2,27,,27,,,,
2800,2,27,,27,,,,
2801,2,27,,27,,,,
2802,2,27,,27,,,,
2803,2,27,,27,,,,
2804,2,27,,27,,,,
2805,2,27,,27,,,,
2806,2,27,,27,,,,
2807,2,27,,27,,,,
2808,2,27,,27,,,,
2809,2,27,,27,,,,
2810,2,27,,27,,,,
2811,2,27,,27,,,,
2812,2,27,,27,,,,
2813,2,27,,27,,,,
2814,5,27,,27,,,,
2815,4,27,,27,,,,
2816,5,27,,27,,,,
2817,5,27,,27,,,,
2818,5,27,,27,,,,
2819,4,27,,27,,,,
2820,5,27,,27,,,,
2821,5,27,,27,,,,
2822,5,27,,27,,,,
2823,4,27,,27,,,,
2824,4,27,,27,,,,
2825,4,27,,27,,,,
2826,4,27,,27,,,,
2827,4,27,,27,,,,
2828,4,27,,27,,,,
2829,4,27,,27,,,,
2830,4,27,,27,,,,
2831,4,27,,27,,,,
2832,4,27,,27,,,,
2833,4,27,,27,,,,
2834,4,27,,27,,,,
2835,4,27,,27,,,,
2836,4,27,,27,,,,
2837,4,27,,27,,,,
2838,4,27,,27,,,,
2839,4,27,,27,,,,
2840,6,27,,27,,,,
2841,6,27,,27,,,,
2842,6,27,,27,,,,
2843,6,27,,27,,,,
2844,6,27,,27,,,,
2845,6,27,,27,,,,
2846,6,27,,27,,,,
2847,6,27,,27,,,,
2848,6,27,,27,,,,
2849,6,27,,27,,,,
2850,6,27,,27,,,,
2851,6,27,,27,,,,
2852,6,27,,27,,,,
2853,6,27,,27,,,,
2854,6,27,,27,,,,
2855,6,27,,27,,,,
2856,6,27,,27,,,,
2857,6,27,,27,,,,
2858,6,27,,27,,,,
2859,6,27,,27,,,,
2860,6,27,,27,,,,
2861,6,27,,27,,,,
2862,6,27,,27,,,,
2863,6,27,,27,,,,
2864,6,27,,27,,,,
2865,6,27,,27,,,,
2866,6,27,,27,,,,
2867,1,27,,27,,,,
2868,1,27,,27,,,,
2869,1,27,,27,,,,
2870,1,27,,27,,,,
2871,1,27,,27,,,,
2872,1,27,,27,,,,
2873,1,27,,27,,,,
2874,1,27,,27,,,,
2875,1,27,,27,,,,
2876,1,27,,27,,,,
2877,1,27,,27,,,,
2878,1,27,,27,,,,
2879,1,27,,27,,,,
2880,1,27,,27,,,,
2881,1,27,,27,,,,
2882,2,27,,27,,,,
2883,2,27,,27,,,,
2884,1,27,,27,,,,
2885,1,27,,27,,,,
2886,1,27,,27,,,,
2887,1,27,,27,,,,
2888,1,27,,27,,,,
2889,1,27,,27,,,,
2890,1,27,,27,,,,
2891,1,27,,27,,,,
2892,3,27,,27,,,,
2893,1,27,,27,,,,
2894,1,27,,27,,,,
2895,1,27,,28,,,,
2896,5,28,,28,,,,
2897,5,28,,28,,,,
2898,5,28,,28,,,,
2899,5,28,,28,,,,
2900,5,28,,28,,,,
2901,5,28,,28,,,,
2902,5,28,,28,,,,
2903,5,28,,28,,,,
2904,5,28,,28,,,,
2905,5,28,,28,,,,
2906,5,28,,28,,,,
2907,5,28,,28,,,,
2908,5,28,,28,,,,
2909,5,28,,28,,,,
2910,5,28,,28,,,,
2911,5,28,,28,,,,
2912,5,28,,28,,,,
2913,5,28,,28,,,,
2914,5,28,,28,,,,
2915,5,28,,28,,,,
2916,5,28,,28,,,,
2917,5,28,,28,,,,
2918,5,28,,28,,,,
2919,5,28,,28,,,,
2920,5,28,,28,,,,
2921,5,28,,28,,,,
2922,5,28,,28,,,,
2923,5,28,,28,,,,
2924,5,28,,28,,,,
2925,5,28,,28,,,,
2926,5,28,,28,,,,
2927,5,28,,28,,,,
2928,5,28,,28,,,,
2929,5,28,,28,,,,
2930,1,28,,28,,,,
2931,1,28,,28,,,,
2932,5,28,,28,,,,
2933,5,28,,28,,,,
2934,5,28,,28,,,,
2935,5,28,,28,,,,
2936,5,28,,28,,,,
2937,5,28,,28,,,,
2938,5,28,,28,,,,
2939,5,28,,28,,,,
2940,5,28,,28,,,,
2941,5,28,,28,,,,
2942,5,28,,28,,,,
2943,5,28,,28,,,,
2944,5,28,,28,,,,
2945,5,28,,28,,,,
2946,5,28,,28,,,,
2947,5,28,,28,,,,
2948,5,28,,28,,,,
2949,5,28,,28,,,,
2950,5,28,,28,,,,
2951,5,28,,28,,,,
2952,5,28,,28,,,,
2953,5,28,,28,,,,
2954,5,28,,28,,,,
2955,5,28,,28,,,,
2956,5,28,,28,,,,
2957,5,28,,28,,,,
2958,5,28,,28,,,,
2959,4,28,,28,,,,
2960,4,28,,28,,,,
2961,4,28,,28,,,,
2962,4,28,,28,,,,
2963,4,28,,28,,,,
2964,4,28,,28,,,,
2965,4,28,,28,,,,
2966,4,28,,28,,,,
2967,4,28,,28,,,,
2968,4,28,,28,,,,
2969,4,28,,28,,,,
2970,4,28,,28,,,,
2971,4,28,,28,,,,
2972,4,28,,28,,,,
2973,4,28,,28,,,,
2974,4,28,,28,,,,
2975,4,28,,28,,,,
2976,4,28,,28,,,,
2977,4,28,,28,,,,
2978,4,28,,28,,,,
2979,4,28,,28,,,,
2980,4,28,,28,,,,
2981,4,28,,28,,,,
2982,4,28,,28,,,,
2983,4,28,,28,,,,
2984,4,28,,28,,,,
2985,4,28,,28,,,,
2986,4,28,,28,,,,
2987,4,28,,28,,,,
2988,4,28,,28,,,,
2989,6,28,,28,,,,
2990,6,28,,28,,,,
2991,6,28,,28,,,,
2992,6,28,,28,,,,
2993,6,28,,28,,,,
2994,6,28,,28,,,,
2995,6,28,,28,,,,
2996,6,28,,28,,,,
2997,6,28,,28,,,,
2998,6,28,,28,,,,
2999,6,28,,28,,,,
3000,6,28,,28,,,,
3001,6,28,,28,,,,
3002,6,28,,28,,,,
3003,6,28,,28,,,,
3004,6,28,,28,,,,
3005,6,28,,28,,,,
3006,6,28,,28,,,,
3007,6,28,,28,,,,
3008,6,28,,28,,,,
3009,6,28,,28,,,,
3010,6,28,,28,,,,
3011,6,28,,28,,,,
3012,6,28,,28,,,,
3013,6,28,,28,,,,
3014,6,28,,28,,,,
3015,6,28,,28,,,,
3016,6,28,,28,,,,
3017,6,28,,28,,,,
3018,6,28,,28,,,,
3019,6,28,,28,,,,
3020,6,28,,28,,,,
3021,6,28,,28,,,,
3022,6,28,,28,,,,
3023,6,28,,28,,,,
3024,1,28,,28,,,,
3025,1,28,,28,,,,
3026,1,28,,28,,,,
3027,1,28,,28,,,,
3028,1,28,,28,,,,
3029,1,28,,28,,,,
3030,1,28,,28,,,,
3031,1,28,,28,,,,
3032,1,28,,28,,,,
3033,1,28,,28,,,,
3034,1,28,,28,,,,
3035,1,28,,28,,,,
3036,1,28,,28,,,,
3037,2,28,,28,,,,
3038,2,28,,28,,,,
3039,1,28,,28,,,,
3040,1,28,,28,,,,
3041,3,28,,28,,,,
3042,2,28,,28,,,,
3043,2,28,,28,,,,
3044,1,28,,28,,,,
3045,1,28,,28,,,,
3046,1,28,,28,,,,
3047,2,28,,28,,,,
3048,2,28,,28,,,,
3049,2,28,,28,,,,
3050,2,28,,28,,,,
3051,2,28,,28,,,,
3052,2,28,,28,,,,
3053,2,28,,28,,,,
3054,2,28,,28,,,,
3055,2,28,,28,,,,
3056,2,28,,28,,,,
3057,2,28,,28,,,,
3058,2,28,,28,,,,
3059,2,28,,28,,,,
3060,2,28,,28,,,,
3061,2,28,,28,,,,
3062,2,28,,28,,,,
3063,2,28,,28,,,,
3064,2,28,,28,,,,
3065,2,28,,28,,,,
3066,2,28,,28,,,,
3067,2,28,,28,,,,
3068,3,28,,28,,,,
3069,3,28,,28,,,,
3070,3,28,,28,,,,
3071,3,28,,28,,,,
3072,3,28,,28,,,,
3073,3,28,,28,,,,
3074,3,28,,28,,,,
3075,3,28,,28,,,,
3076,3,28,,28,,,,
3077,3,28,,28,,,,
3078,3,28,,28,,,,
3079,3,28,,28,,,,
3080,3,28,,28,,,,
3081,3,28,,28,,,,
3082,3,28,,28,,,,
3083,3,28,,28,,,,
3084,3,28,,28,,,,
3085,3,28,,28,,,,
3086,4,28,,28,,,,
3087,4,28,,28,,,,
3088,4,28,,28,,,,
3089,4,28,,28,,,,
3090,4,28,,28,,,,
3091,4,28,,28,,,,
3092,4,28,,28,,,,
3093,4,28,,28,,,,
3094,4,28,,28,,,,
3095,4,28,,28,,,,
3096,4,28,,28,,,,
3097,4,28,,28,,,,
3098,4,28,,28,,,,
3099,4,28,,28,,,,
3100,4,28,,28,,,,
3101,4,28,,28,,,,
3102,4,28,,28,,,,
3103,4,28,,28,,,,
3104,4,28,,28,,,,
3105,4,28,,28,,,,
3106,4,28,,28,,,,
3107,4,28,,28,,,,
3108,4,28,,28,,,,
3109,4,28,,28,,,,
3110,4,28,,28,,,,
3111,4,28,,28,,,,
3112,4,28,,28,,,,
3113,4,28,,28,,,,
3114,4,28,,28,,,,
3115,4,28,,28,,,,
3116,4,28,,28,,,,
3117,4,28,,28,,,,
3118,6,28,,28,,,,
3119,6,28,,28,,,,
3120,6,28,,28,,,,
3121,6,28,,28,,,,
3122,6,28,,28,,,,
3123,6,28,,28,,,,
3124,6,28,,28,,,,
3125,6,28,,28,,,,
3126,6,28,,28,,,,
3127,6,28,,28,,,,
3128,6,28,,28,,,,
3129,6,28,,28,,,,
3130,6,28,,28,,,,
3131,6,28,,28,,,,
3132,6,28,,28,,,,
3133,6,28,,28,,,,
3134,6,28,,28,,,,
3135,6,28,,28,,,,
3136,6,28,,28,,,,
3137,6,28,,28,,,,
3138,6,28,,28,,,,
3139,6,28,,28,,,,
3140,6,28,,28,,,,
3141,6,28,,28,,,,
3142,6,28,,28,,,,
3143,6,28,,28,,,,
3144,6,28,,28,,,,
3145,6,28,,28,,,,
3146,6,28,,28,,,,
3147,6,28,,28,,,,
3148,6,28,,28,,,,
3149,6,28,,28,,,,
3150,6,28,,28,,,,
3151,6,28,,28,,,,
3152,6,28,,28,,,,
3153,6,28,,28,,,,
3154,6,28,,28,,,,
3155,1,28,,28,,,,
3156,1,28,,28,,,,
3157,1,28,,28,,,,
3158,1,28,,28,,,,
3159,1,28,,28,,,,
3160,1,28,,28,,,,
3161,1,28,,28,,,,
3162,1,28,,28,,,,
3163,1,28,,28,,,,
3164,1,28,,28,,,,
3165,1,28,,28,,,,
3166,1,28,,28,,,,
3167,1,28,,28,,,,
3168,1,28,,28,,,,
3169,1,28,,28,,,,
3170,1,28,,28,,,,
3171,1,28,,28,,,,
3172,1,28,,28,,,,
3173,1,28,,28,,,,
3174,2,28,,28,,,,
3175,1,28,,28,,,,
3176,1,28,,28,,,,
3177,3,28,,28,,,,
3178,3,28,,28,,,,
3179,3,28,,28,,,,
3180,3,28,,28,,,,
3181,3,28,,28,,,,
3182,3,28,,28,,,,
3183,3,28,,28,,,,
3184,3,28,,28,,,,
3185,3,28,,28,,,,
3186,3,28,,28,,,,
3187,3,28,,28,,,,
3188,3,28,,28,,,,
3189,3,28,,28,,,,
3190,2,28,,28,,,,
3191,2,28,,28,,,,
3192,2,28,,28,,,,
3193,2,28,,28,,,,
3194,2,28,,28,,,,
3195,2,28,,28,,,,
3196,2,28,,28,,,,
3197,2,28,,28,,,,
3198,2,28,,28,,,,
3199,2,28,,28,,,,
3200,2,28,,28,,,,
3201,2,28,,28,,,,
3202,2,28,,28,,,,
3203,2,28,,28,,,,
3204,3,28,,28,,,,
3205,3,28,,28,,,,
3206,3,28,,28,,,,
3207,3,28,,28,,,,
3208,3,28,,28,,,,
3209,3,28,,28,,,,
3210,2,28,,28,,,,
3211,2,28,,28,,,,
3212,2,28,,28,,,,
3213,2,28,,28,,,,
3214,2,28,,28,,,,
3215,2,28,,28,,,,
3216,2,28,,29,,,,
3217,4,29,,29,,,,
3218,4,29,,29,,,,
3219,4,29,,29,,,,
3220,4,29,,29,,,,
3221,4,29,,29,,,,
3222,4,29,,29,,,,
3223,4,29,,29,,,,
3224,4,29,,29,,,,
3225,4,29,,29,,,,
3226,4,29,,29,,,,
3227,4,29,,29,,,,
3228,4,29,,29,,,,
3229,4,29,,29,,,,
3230,4,29,,29,,,,
3231,4,29,,29,,,,
3232,4,29,,29,,,,
3233,4,29,,29,,,,
3234,4,29,,29,,,,
3235,4,29,,29,,,,
3236,4,29,,29,,,,
3237,4,29,,29,,,,
3238,4,29,,29,,,,
3239,4,29,,29,,,,
3240,4,29,,29,,,,
3241,4,29,,29,,,,
3242,4,29,,29,,,,
3243,4,29,,29,,,,
3244,6,29,,29,,,,
3245,6,29,,29,,,,
3246,6,29,,29,,,,
3247,6,29,,29,,,,
3248,6,29,,29,,,,
3249,6,29,,29,,,,
3250,6,29,,29,,,,
3251,6,29,,29,,,,
3252,6,29,,29,,,,
3253,6,29,,29,,,,
3254,6,29,,29,,,,
3255,6,29,,29,,,,
3256,6,29,,29,,,,
3257,6,29,,29,,,,
3258,6,29,,29,,,,
3259,6,29,,29,,,,
3260,6,29,,29,,,,
3261,6,29,,29,,,,
3262,6,29,,29,,,,
3263,6,29,,29,,,,
3264,6,29,,29,,,,
3265,6,29,,29,,,,
3266,6,29,,29,,,,
3267,6,29,,29,,,,
3268,6,29,,29,,,,
3269,6,29,,29,,,,
3270,6,29,,29,,,,
3271,6,29,,29,,,,
3272,6,29,,29,,,,
3273,6,29,,29,,,,
3274,6,29,,29,,,,
3275,6,29,,29,,,,
3276,6,29,,29,,,,
3277,6,29,,29,,,,
3278,2,29,,29,,,,
3279,2,29,,29,,,,
3280,1,29,,29,,,,
3281,1,29,,29,,,,
3282,1,29,,29,,,,
3283,1,29,,29,,,,
3284,1,29,,29,,,,
3285,1,29,,29,,,,
3286,1,29,,29,,,,
3287,1,29,,29,,,,
3288,1,29,,29,,,,
3289,1,29,,29,,,,
3290,1,29,,29,,,,
3291,2,29,,29,,,,
3292,2,29,,29,,,,
3293,1,29,,29,,,,
3294,1,29,,29,,,,
3295,1,29,,29,,,,
3296,1,29,,29,,,,
3297,1,29,,29,,,,
3298,1,29,,29,,,,
3299,1,29,,29,,,,
3300,1,29,,29,,,,
3301,1,29,,29,,,,
3302,1,29,,29,,,,
3303,1,29,,29,,,,
3304,1,29,,29,,,,
3305,1,29,,29,,,,
3306,3,29,,29,,,,
3307,3,29,,29,,,,
3308,3,29,,29,,,,
3309,3,29,,29,,,,
3310,3,29,,29,,,,
3311,3,29,,29,,,,
3312,3,29,,29,,,,
3313,3,29,,29,,,,
3314,3,29,,29,,,,
3315,3,29,,29,,,,
3316,3,29,,29,,,,
3317,3,29,,29,,,,
3318,3,29,,29,,,,
3319,3,29,,29,,,,
3320,3,29,,29,,,,
3321,3,29,,29,,,,
3322,3,29,,29,,,,
3323,3,29,,29,,,,
3324,3,29,,29,,,,
3325,3,29,,29,,,,
3326,3,29,,29,,,,
3327,2,29,,29,,,,
3328,2,29,,29,,,,
3329,2,29,,29,,,,
3330,2,29,,29,,,,
3331,2,29,,29,,,,
3332,2,29,,29,,,,
3333,2,29,,29,,,,
3334,2,29,,29,,,,
3335,2,29,,29,,,,
3336,2,29,,29,,,,
3337,2,29,,29,,,,
3338,2,29,,29,,,,
3339,2,29,,29,,,,
3340,2,29,,29,,,,
3341,2,29,,29,,,,
3342,2,29,,29,,,,
3343,2,29,,29,,,,
3344,2,29,,29,,,,
3345,2,29,,29,,,,
3346,2,29,,29,,,,
3347,2,29,,29,,,,
3348,2,29,,29,,,,
3349,2,29,,29,,,,
3350,2,29,,29,,,,
3351,5,29,,29,,,,
3352,5,29,,29,,,,
3353,5,29,,29,,,,
3354,5,29,,29,,,,
3355,5,29,,29,,,,
3356,5,29,,29,,,,
3357,5,29,,29,,,,
3358,5,29,,29,,,,
3359,5,29,,29,,,,
3360,5,29,,29,,,,
3361,5,29,,29,,,,
3362,5,29,,29,,,,
3363,5,29,,29,,,,
3364,5,29,,29,,,,
3365,5,29,,29,,,,
3366,5,29,,29,,,,
3367,5,29,,29,,,,
3368,5,29,,29,,,,
3369,5,29,,29,,,,
3370,5,29,,29,,,,
3371,5,29,,29,,,,
3372,5,29,,29,,,,
3373,5,29,,29,,,,
3374,5,29,,29,,,,
3375,5,29,,29,,,,
3376,5,29,,29,,,,
3377,4,29,,29,,,,
3378,4,29,,29,,,,
3379,4,29,,29,,,,
3380,4,29,,29,,,,
3381,4,29,,29,,,,
3382,4,29,,29,,,,
3383,4,29,,29,,,,
3384,4,29,,29,,,,
3385,4,29,,29,,,,
3386,4,29,,29,,,,
3387,4,29,,29,,,,
3388,4,29,,29,,,,
3389,4,29,,29,,,,
3390,4,29,,29,,,,
3391,4,29,,29,,,,
3392,4,29,,29,,,,
3393,4,29,,29,,,,
3394,4,29,,29,,,,
3395,4,29,,29,,,,
3396,4,29,,29,,,,
3397,4,29,,29,,,,
3398,4,29,,29,,,,
3399,4,29,,29,,,,
3400,4,29,,29,,,,
3401,4,29,,29,,,,
3402,4,29,,29,,,,
3403,4,29,,29,,,,
3404,4,29,,29,,,,
3405,4,29,,29,,,,
3406,4,29,,29,,,,
3407,4,29,,29,,,,
3408,4,29,,29,,,,
3409,5,29,,29,,,,
3410,5,29,,29,,,,
3411,5,29,,29,,,,
3412,5,29,,29,,,,
3413,5,29,,29,,,,
3414,5,29,,29,,,,
3415,5,29,,29,,,,
3416,5,29,,29,,,,
3417,5,29,,29,,,,
3418,5,29,,29,,,,
3419,5,29,,29,,,,
3420,5,29,,29,,,,
3421,5,29,,29,,,,
3422,5,29,,29,,,,
3423,5,29,,29,,,,
3424,5,29,,29,,,,
3425,5,29,,29,,,,
3426,5,29,,29,,,,
3427,5,29,,29,,,,
3428,5,29,,29,,,,
3429,5,29,,29,,,,
3430,5,29,,29,,,,
3431,5,29,,29,,,,
3432,5,29,,29,,,,
3433,5,29,,29,,,,
3434,5,29,,29,,,,
3435,5,29,,29,,,,
3436,3,29,,29,,,,
3437,3,29,,29,,,,
3438,3,29,,29,,,,
3439,3,29,,29,,,,
3440,3,29,,29,,,,
3441,3,29,,29,,,,
3442,3,29,,29,,,,
3443,3,29,,29,,,,
3444,3,29,,29,,,,
3445,3,29,,29,,,,
3446,3,29,,29,,,,
3447,3,29,,29,,,,
3448,3,29,,29,,,,
3449,3,29,,29,,,,
3450,3,29,,29,,,,
3451,3,29,,29,,,,
3452,3,29,,29,,,,
3453,3,29,,29,,,,
3454,3,29,,29,,,,
3455,3,29,,29,,,,
3456,3,29,,29,,,,
3457,6,29,,29,,,,
3458,6,29,,29,,,,
3459,6,29,,29,,,,
3460,6,29,,29,,,,
3461,6,29,,29,,,,
3462,6,29,,29,,,,
3463,6,29,,29,,,,
3464,6,29,,29,,,,
3465,6,29,,29,,,,
3466,6,29,,29,,,,
3467,6,29,,29,,,,
3468,6,29,,29,,,,
3469,6,29,,29,,,,
3470,6,29,,29,,,,
3471,6,29,,29,,,,
3472,6,29,,29,,,,
3473,6,29,,29,,,,
3474,6,29,,29,,,,
3475,6,29,,29,,,,
3476,6,29,,29,,,,
3477,6,29,,29,,,,
3478,6,29,,29,,,,
3479,6,29,,29,,,,
3480,6,29,,29,,,,
3481,6,29,,29,,,,
3482,6,29,,29,,,,
3483,6,29,,29,,,,
3484,6,29,,29,,,,
3485,6,29,,29,,,,
3486,6,29,,29,,,,
3487,6,29,,29,,,,
3488,6,29,,29,,,,
3489,6,29,,29,,,,
3490,6,29,,29,,,,
3491,6,29,,29,,,,
3492,6,29,,29,,,,
3493,6,29,,29,,,,
3494,6,29,,29,,,,
3495,2,29,,29,,,,
3496,2,29,,29,,,,
3497,2,29,,29,,,,
3498,2,29,,29,,,,
3499,2,29,,29,,,,
3500,2,29,,29,,,,
3501,2,29,,29,,,,
3502,2,29,,29,,,,
3503,3,29,,29,,,,
3504,2,29,,29,,,,
3505,2,29,,29,,,,
3506,2,29,,29,,,,
3507,2,29,,29,,,,
3508,2,29,,29,,,,
3509,2,29,,29,,,,
3510,2,29,,29,,,,
3511,2,29,,29,,,,
3512,2,29,,29,,,,
3513,2,29,,29,,,,
3514,2,29,,29,,,,
3515,2,29,,29,,,,
3516,2,29,,29,,,,
3517,2,29,,29,,,,
3518,2,29,,29,,,,
3519,1,29,,29,,,,
3520,1,29,,29,,,,
3521,1,29,,29,,,,
3522,1,29,,29,,,,
3523,1,29,,29,,,,
3524,1,29,,29,,,,
3525,1,29,,29,,,,
3526,1,29,,29,,,,
3527,1,29,,29,,,,
3528,1,29,,29,,,,
3529,1,29,,29,,,,
3530,1,29,,29,,,,
3531,1,29,,29,,,,
3532,1,29,,29,,,,
3533,1,29,,29,,,,
3534,1,29,,29,,,,
3535,1,29,,29,,,,
3536,1,29,,29,,,,
3537,1,29,,29,,,,
3538,1,29,,29,,,,
3539,1,29,,29,,,,
3540,1,29,,29,,,,
3541,1,29,,29,,,,
3542,1,29,,29,,,,
3543,1,29,,29,,,,
3544,1,29,,30,,,,
3545,4,30,,30,,,,
3546,4,30,,30,,,,
3547,4,30,,30,,,,
3548,4,30,,30,,,,
3549,4,30,,30,,,,
3550,4,30,,30,,,,
3551,4,30,,30,,,,
3552,4,30,,30,,,,
3553,4,30,,30,,,,
3554,4,30,,30,,,,
3555,4,30,,30,,,,
3556,4,30,,30,,,,
3557,4,30,,30,,,,
3558,4,30,,30,,,,
3559,4,30,,30,,,,
3560,4,30,,30,,,,
3561,4,30,,30,,,,
3562,4,30,,30,,,,
3563,4,30,,30,,,,
3564,4,30,,30,,,,
3565,5,30,,30,,,,
3566,5,30,,30,,,,
3567,5,30,,30,,,,
3568,5,30,,30,,,,
3569,5,30,,30,,,,
3570,5,30,,30,,,,
3571,5,30,,30,,,,
3572,5,30,,30,,,,
3573,5,30,,30,,,,
3574,5,30,,30,,,,
3575,5,30,,30,,,,
3576,5,30,,30,,,,
3577,5,30,,30,,,,
3578,5,30,,30,,,,
3579,5,30,,30,,,,
3580,5,30,,30,,,,
3581,5,30,,30,,,,
3582,5,30,,30,,,,
3583,5,30,,30,,,,
3584,5,30,,30,,,,
3585,5,30,,30,,,,
3586,5,30,,30,,,,
3587,5,30,,30,,,,
3588,3,30,,30,,,,
3589,3,30,,30,,,,
3590,3,30,,30,,,,
3591,3,30,,30,,,,
3592,3,30,,30,,,,
3593,3,30,,30,,,,
3594,3,30,,30,,,,
3595,3,30,,30,,,,
3596,3,30,,30,,,,
3597,3,30,,30,,,,
3598,3,30,,30,,,,
3599,3,30,,30,,,,
3600,3,30,,30,,,,
3601,3,30,,30,,,,
3602,3,30,,30,,,,
3603,3,30,,30,,,,
3604,3,30,,30,,,,
3605,3,30,,30,,,,
3606,3,30,,30,,,,
3607,3,30,,30,,,,
3608,3,30,,30,,,,
3609,3,30,,30,,,,
3610,2,30,,30,,,,
3611,2,30,,30,,,,
3612,2,30,,30,,,,
3613,2,30,,30,,,,
3614,2,30,,30,,,,
3615,2,30,,30,,,,
3616,2,30,,30,,,,
3617,2,30,,30,,,,
3618,2,30,,30,,,,
3619,2,30,,30,,,,
3620,2,30,,30,,,,
3621,2,30,,30,,,,
3622,2,30,,30,,,,
3623,2,30,,30,,,,
3624,2,30,,30,,,,
3625,2,30,,30,,,,
3626,2,30,,30,,,,
3627,2,30,,30,,,,
3628,2,30,,30,,,,
3629,2,30,,30,,,,
3630,2,30,,30,,,,
3631,2,30,,30,,,,
3632,2,30,,30,,,,
3633,6,30,,30,,,,
3634,6,30,,30,,,,
3635,6,30,,30,,,,
3636,6,30,,30,,,,
3637,6,30,,30,,,,
3638,6,30,,30,,,,
3639,6,30,,30,,,,
3640,6,30,,30,,,,
3641,6,30,,30,,,,
3642,6,30,,30,,,,
3643,6,30,,30,,,,
3644,6,30,,30,,,,
3645,6,30,,30,,,,
3646,6,30,,30,,,,
3647,6,30,,30,,,,
3648,6,30,,30,,,,
3649,6,30,,30,,,,
3650,6,30,,30,,,,
3651,6,30,,30,,,,
3652,6,30,,30,,,,
3653,6,30,,30,,,,
3654,6,30,,30,,,,
3655,6,30,,30,,,,
3656,6,30,,30,,,,
3657,6,30,,30,,,,
3658,6,30,,30,,,,
3659,6,30,,30,,,,
3660,6,30,,30,,,,
3661,6,30,,30,,,,
3662,6,30,,30,,,,
3663,6,30,,30,,,,
3664,6,30,,30,,,,
3665,6,30,,30,,,,
3666,6,30,,30,,,,
3667,6,30,,30,,,,
3668,6,30,,30,,,,
3669,6,30,,30,,,,
3670,6,30,,30,,,,
3671,6,30,,30,,,,
3672,6,30,,30,,,,
3673,6,30,,30,,,,
3674,6,30,,30,,,,
3675,1,30,,30,,,,
3676,1,30,,30,,,,
3677,1,30,,30,,,,
3678,1,30,,30,,,,
3679,1,30,,30,,,,
3680,1,30,,30,,,,
3681,1,30,,30,,,,
3682,1,30,,30,,,,
3683,1,30,,30,,,,
3684,1,30,,30,,,,
3685,1,30,,30,,,,
3686,1,30,,30,,,,
3687,1,30,,30,,,,
3688,1,30,,30,,,,
3689,1,30,,30,,,,
3690,1,30,,30,,,,
3691,1,30,,30,,,,
3692,1,30,,30,,,,
3693,1,30,,30,,,,
3694,1,30,,30,,,,
3695,1,30,,30,,,,
3696,1,30,,30,,,,
3697,1,30,,30,,,,
3698,1,30,,30,,,,
3699,1,30,,30,,,,
3700,1,30,,30,,,,
3701,1,30,,30,,,,
3702,1,30,,30,,,,
3703,3,30,,30,,,,
3704,3,30,,30,,,,
3705,3,30,,30,,,,
3706,3,30,,30,,,,
3707,3,30,,30,,,,
3708,3,30,,30,,,,
3709,3,30,,30,,,,
3710,3,30,,30,,,,
3711,5,30,,30,,,,
3712,5,30,,30,,,,
3713,5,30,,30,,,,
3714,5,30,,30,,,,
3715,5,30,,30,,,,
3716,5,30,,30,,,,
3717,5,30,,30,,,,
3718,5,30,,30,,,,
3719,5,30,,30,,,,
3720,5,30,,30,,,,
3721,5,30,,30,,,,
3722,5,30,,30,,,,
3723,5,30,,30,,,,
3724,5,30,,30,,,,
3725,5,30,,30,,,,
3726,5,30,,30,,,,
3727,5,30,,30,,,,
3728,5,30,,30,,,,
3729,5,30,,30,,,,
3730,5,30,,30,,,,
3731,5,30,,30,,,,
3732,5,30,,30,,,,
3733,5,30,,30,,,,
3734,5,30,,30,,,,
3735,5,30,,30,,,,
3736,5,30,,30,,,,
3737,5,30,,30,,,,
3738,5,30,,30,,,,
3739,5,30,,30,,,,
3740,5,30,,30,,,,
3741,5,30,,30,,,,
3742,5,30,,30,,,,
3743,5,30,,30,,,,
3744,5,30,,30,,,,
3745,5,30,,30,,,,
3746,5,30,,30,,,,
3747,5,30,,30,,,,
3748,5,30,,30,,,,
3749,5,30,,30,,,,
3750,5,30,,30,,,,
3751,5,30,,30,,,,
3752,1,30,,30,,,,
3753,1,30,,30,,,,
3754,2,30,,30,,,,
3755,2,30,,30,,,,
3756,2,30,,30,,,,
3757,2,30,,30,,,,
3758,2,30,,30,,,,
3759,2,30,,30,,,,
3760,2,30,,30,,,,
3761,2,30,,30,,,,
3762,2,30,,30,,,,
3763,3,30,,30,,,,
3764,3,30,,30,,,,
3765,3,30,,30,,,,
3766,3,30,,30,,,,
3767,3,30,,30,,,,
3768,3,30,,30,,,,
3769,3,30,,30,,,,
3770,3,30,,30,,,,
3771,3,30,,30,,,,
3772,3,30,,30,,,,
3773,3,30,,30,,,,
3774,3,30,,30,,,,
3775,3,30,,30,,,,
3776,3,30,,30,,,,
3777,3,30,,30,,,,
3778,3,30,,30,,,,
3779,2,30,,30,,,,
3780,2,30,,30,,,,
3781,2,30,,30,,,,
3782,2,30,,30,,,,
3783,2,30,,30,,,,
3784,2,30,,30,,,,
3785,2,30,,30,,,,
3786,2,30,,30,,,,
3787,2,30,,30,,,,
3788,2,30,,30,,,,
3789,2,30,,30,,,,
3790,2,30,,30,,,,
3791,2,30,,30,,,,
3792,2,30,,30,,,,
3793,2,30,,30,,,,
3794,2,30,,30,,,,
3795,2,30,,30,,,,
3796,2,30,,30,,,,
3797,2,30,,30,,,,
3798,5,30,,30,,,,
3799,5,30,,30,,,,
3800,5,30,,30,,,,
3801,5,30,,30,,,,
3802,5,30,,30,,,,
3803,5,30,,30,,,,
3804,5,30,,30,,,,
3805,5,30,,30,,,,
3806,5,30,,30,,,,
3807,5,30,,30,,,,
3808,5,30,,30,,,,
3809,5,30,,30,,,,
3810,5,30,,30,,,,
3811,5,30,,30,,,,
3812,5,30,,30,,,,
3813,5,30,,30,,,,
3814,5,30,,30,,,,
3815,5,30,,30,,,,
3816,5,30,,30,,,,
3817,5,30,,30,,,,
3818,5,30,,30,,,,
3819,5,30,,30,,,,
3820,5,30,,30,,,,
3821,5,30,,30,,,,
3822,5,30,,30,,,,
3823,5,30,,30,,,,
3824,5,30,,30,,,,
3825,5,30,,30,,,,
3826,5,30,,30,,,,
3827,5,30,,30,,,,
3828,5,30,,30,,,,
3829,5,30,,30,,,,
3830,5,30,,30,,,,
3831,5,30,,30,,,,
3832,5,30,,30,,,,
3833,5,30,,30,,,,
3834,4,30,,30,,,,
3835,4,30,,30,,,,
3836,4,30,,30,,,,
3837,4,30,,30,,,,
3838,4,30,,30,,,,
3839,4,30,,30,,,,
3840,5,30,,30,,,,
3841,4,30,,30,,,,
3842,4,30,,30,,,,
3843,4,30,,30,,,,
3844,4,30,,30,,,,
3845,4,30,,30,,,,
3846,4,30,,30,,,,
3847,4,30,,30,,,,
3848,5,30,,30,,,,
3849,5,30,,30,,,,
3850,5,30,,30,,,,
3851,5,30,,30,,,,
3852,5,30,,30,,,,
3853,5,30,,30,,,,
3854,5,30,,30,,,,
3855,5,30,,30,,,,
3856,5,30,,30,,,,
3857,5,30,,30,,,,
3858,5,30,,30,,,,
3859,5,30,,30,,,,
3860,5,30,,30,,,,
3861,5,30,,30,,,,
3862,5,30,,30,,,,
3863,6,30,,30,,,,
3864,6,30,,30,,,,
3865,6,30,,30,,,,
3866,6,30,,30,,,,
3867,6,30,,30,,,,
3868,6,30,,30,,,,
3869,6,30,,30,,,,
3870,6,30,,30,,,,
3871,6,30,,30,,,,
3872,6,30,,30,,,,
3873,6,30,,30,,,,
3874,6,30,,30,,,,
3875,6,30,,30,,,,
3876,6,30,,30,,,,
3877,6,30,,30,,,,
3878,6,30,,30,,,,
3879,6,30,,30,,,,
3880,6,30,,30,,,,
3881,6,30,,30,,,,
3882,6,30,,30,,,,
3883,6,30,,30,,,,
3884,6,30,,30,,,,
3885,6,30,,30,,,,
3886,6,30,,30,,,,
3887,6,30,,30,,,,
3888,6,30,,30,,,,
3889,6,30,,30,,,,
3890,6,30,,30,,,,
3891,6,30,,30,,,,
3892,6,30,,30,,,,
3893,6,30,,30,,,,
3894,6,30,,30,,,,
3895,6,30,,30,,,,
3896,6,30,,30,,,,
3897,6,30,,30,,,,
3898,6,30,,30,,,,
3899,6,30,,30,,,,
3900,6,30,,30,,,,
3901,2,30,,30,,,,
3902,1,30,,30,,,,
3903,1,30,,30,,,,
3904,1,30,,30,,,,
3905,1,30,,30,,,,
3906,1,30,,30,,,,
3907,1,30,,30,,,,
3908,1,30,,30,,,,
3909,1,30,,30,,,,
3910,1,30,,30,,,,
3911,1,30,,30,,,,
3912,1,30,,30,,,,
3913,1,30,,30,,,,
3914,1,30,,30,,,,
3915,1,30,,30,,,,
3916,1,30,,30,,,,
3917,1,30,,30,,,,
3918,1,30,,30,,,,
3919,1,30,,30,,,,
3920,1,30,,30,,,,
3921,1,30,,30,,,,
3922,1,30,,30,,,,
3923,1,30,,30,,,,
3924,1,30,,30,,,,
3925,1,30,,30,,,,
3926,1,30,,,,,,